Precio_ID,Producto_FK,Proveedor_FK,Fuente_FK,Date_key,Divisa_FK,Precio,Marca,Pais,NOG,Responsable,Observaciones,timestamp
1,58,413,3,42627,8,9.15,NULL,NULL,NULL,NULL,NULL,"2023-04-07 02:00:33"
2,5,383,3,42632,8,13.75,NULL,NULL,NULL,NULL,NULL,"2023-04-07 02:00:33"
3,5,391,3,42632,8,8.13,NULL,NULL,NULL,NULL,NULL,"2023-04-07 02:00:33"
4,5,384,3,42632,8,7.00,NULL,NULL,NULL,NULL,NULL,"2023-04-07 02:00:33"
5,8,384,3,42634,8,10.00,NULL,NULL,NULL,NULL,NULL,"2023-04-07 02:00:33"
6,8,413,3,42634,8,9.15,NULL,NULL,NULL,NULL,NULL,"2023-04-07 02:00:33"
7,8,391,3,42634,8,10.84,NULL,NULL,NULL,NULL,NULL,"2023-04-07 02:00:33"
8,102,394,3,42439,8,3.57,NULL,NULL,NULL,NULL,NULL,"2023-04-07 02:00:33"
9,102,413,3,42439,8,5.71,NULL,NULL,NULL,NULL,NULL,"2023-04-07 02:00:33"
10,2,384,3,42643,8,6.00,NULL,NULL,NULL,NULL,NULL,"2023-04-07 02:00:33"
11,2,394,3,42643,8,8.90,NULL,NULL,NULL,NULL,NULL,"2023-04-07 02:00:33"
12,2,444,3,42643,8,193.00,NULL,NULL,NULL,NULL,NULL,"2023-04-07 02:00:33"
13,2,384,3,42643,8,6.00,NULL,NULL,NULL,NULL,NULL,"2023-04-07 02:00:33"
14,2,394,3,42643,8,6.45,NULL,NULL,NULL,NULL,NULL,"2023-04-07 02:00:33"
15,2,391,3,42643,8,10.04,NULL,NULL,NULL,NULL,NULL,"2023-04-07 02:00:33"
16,2,391,3,42643,8,240.12,NULL,NULL,NULL,NULL,NULL,"2023-04-07 02:00:33"
17,2,391,3,42643,8,6.72,NULL,NULL,NULL,NULL,NULL,"2023-04-07 02:00:33"
18,2,405,3,42643,8,525.00,NULL,NULL,NULL,NULL,NULL,"2023-04-07 02:00:33"
19,2,391,3,42643,8,10.86,NULL,NULL,NULL,NULL,NULL,"2023-04-07 02:00:33"
20,7,391,3,42696,8,9.98,NULL,NULL,NULL,NULL,NULL,"2023-04-07 02:00:33"
21,103,391,3,42996,8,5.28,NULL,NULL,NULL,NULL,NULL,"2023-04-07 02:00:33"
22,2,413,3,42996,8,9.15,NULL,NULL,NULL,NULL,NULL,"2023-04-07 02:00:33"
23,2,403,3,42996,8,5.85,NULL,NULL,NULL,NULL,NULL,"2023-04-07 02:00:33"
24,2,391,3,42996,8,10.30,NULL,NULL,NULL,NULL,NULL,"2023-04-07 02:00:33"
25,2,391,3,42996,8,9.51,NULL,NULL,NULL,NULL,NULL,"2023-04-07 02:00:33"
26,2,395,3,42996,8,11.00,NULL,NULL,NULL,NULL,NULL,"2023-04-07 02:00:33"
27,2,413,3,42996,8,8.39,NULL,NULL,NULL,NULL,NULL,"2023-04-07 02:00:33"
28,3,383,3,42999,8,16.00,NULL,NULL,NULL,NULL,NULL,"2023-04-07 02:00:33"
29,3,391,3,42999,8,9.77,NULL,NULL,NULL,NULL,NULL,"2023-04-07 02:00:33"
30,3,413,3,42999,8,9.15,NULL,NULL,NULL,NULL,NULL,"2023-04-07 02:00:33"
31,3,395,3,42999,8,11.00,NULL,NULL,NULL,NULL,NULL,"2023-04-07 02:00:33"
32,2,394,3,43001,8,5.60,NULL,NULL,NULL,NULL,NULL,"2023-04-07 02:00:33"
33,5,403,3,43003,8,5.85,NULL,NULL,NULL,NULL,NULL,"2023-04-07 02:00:33"
34,5,395,3,43003,8,8.42,NULL,NULL,NULL,NULL,NULL,"2023-04-07 02:00:33"
35,5,405,3,43003,8,7.00,NULL,NULL,NULL,NULL,NULL,"2023-04-07 02:00:33"
36,5,391,3,43003,8,8.62,NULL,NULL,NULL,NULL,NULL,"2023-04-07 02:00:33"
37,106,382,3,43003,8,9.50,NULL,NULL,NULL,NULL,NULL,"2023-04-07 02:00:33"
38,106,391,3,43003,8,7.04,NULL,NULL,NULL,NULL,NULL,"2023-04-07 02:00:33"
39,2,391,3,43005,8,10.70,NULL,NULL,NULL,NULL,NULL,"2023-04-07 02:00:33"
40,2,382,3,43005,8,11.00,NULL,NULL,NULL,NULL,NULL,"2023-04-07 02:00:33"
41,102,391,3,43006,8,5.94,NULL,NULL,NULL,NULL,NULL,"2023-04-07 02:00:33"
42,102,413,3,43006,8,6.15,NULL,NULL,NULL,NULL,NULL,"2023-04-07 02:00:33"
43,102,382,3,43006,8,7.00,NULL,NULL,NULL,NULL,NULL,"2023-04-07 02:00:33"
44,102,384,3,43006,8,6.00,NULL,NULL,NULL,NULL,NULL,"2023-04-07 02:00:33"
45,5,394,3,43007,8,5.60,NULL,NULL,NULL,NULL,NULL,"2023-04-07 02:00:33"
46,5,413,3,43007,8,9.15,NULL,NULL,NULL,NULL,NULL,"2023-04-07 02:00:33"
47,5,384,3,43007,8,4.00,NULL,NULL,NULL,NULL,NULL,"2023-04-07 02:00:33"
48,5,391,3,43007,8,8.02,NULL,NULL,NULL,NULL,NULL,"2023-04-07 02:00:33"
49,8,391,3,43007,8,9.05,NULL,NULL,NULL,NULL,NULL,"2023-04-07 02:00:33"
50,8,405,3,43007,8,7.25,NULL,NULL,NULL,NULL,NULL,"2023-04-07 02:00:33"
51,8,413,3,43007,8,8.20,NULL,NULL,NULL,NULL,NULL,"2023-04-07 02:00:33"
52,2,391,3,42988,8,9.29,NULL,NULL,NULL,NULL,NULL,"2023-04-07 02:00:33"
53,2,382,3,42988,8,15.00,NULL,NULL,NULL,NULL,NULL,"2023-04-07 02:00:33"
54,2,395,3,42988,8,11.00,NULL,NULL,NULL,NULL,NULL,"2023-04-07 02:00:33"
55,5,384,3,42578,8,7.00,NULL,NULL,NULL,NULL,NULL,"2023-04-07 02:00:33"
56,5,394,3,42578,8,6.79,NULL,NULL,NULL,NULL,NULL,"2023-04-07 02:00:33"
57,103,394,3,42576,8,4.99,NULL,NULL,NULL,NULL,NULL,"2023-04-07 02:00:33"
58,5,395,3,42957,8,11.00,NULL,NULL,NULL,NULL,NULL,"2023-04-07 02:00:33"
59,5,394,3,42957,8,5.60,NULL,NULL,NULL,NULL,NULL,"2023-04-07 02:00:33"
60,5,391,3,42957,8,8.62,NULL,NULL,NULL,NULL,NULL,"2023-04-07 02:00:33"
61,5,413,3,42957,8,9.00,NULL,NULL,NULL,NULL,NULL,"2023-04-07 02:00:33"
62,102,384,3,42578,8,7.00,NULL,NULL,NULL,NULL,NULL,"2023-04-07 02:00:33"
63,102,394,3,42578,8,3.87,NULL,NULL,NULL,NULL,NULL,"2023-04-07 02:00:33"
64,102,413,3,42578,8,7.00,NULL,NULL,NULL,NULL,NULL,"2023-04-07 02:00:33"
65,102,391,3,42578,8,6.65,NULL,NULL,NULL,NULL,NULL,"2023-04-07 02:00:33"
66,103,391,3,42578,8,9.50,NULL,NULL,NULL,NULL,NULL,"2023-04-07 02:00:33"
67,3,384,3,42660,8,6.00,NULL,NULL,NULL,NULL,NULL,"2023-04-07 02:00:33"
68,3,394,3,42660,8,4.50,NULL,NULL,NULL,NULL,NULL,"2023-04-07 02:00:33"
69,3,405,3,42660,8,7.50,NULL,NULL,NULL,NULL,NULL,"2023-04-07 02:00:33"
70,3,413,3,42660,8,9.15,NULL,NULL,NULL,NULL,NULL,"2023-04-07 02:00:33"
71,8,395,3,43079,8,11.00,NULL,NULL,NULL,NULL,NULL,"2023-04-07 02:00:33"
72,8,413,3,43079,8,10.00,NULL,NULL,NULL,NULL,NULL,"2023-04-07 02:00:33"
73,11,382,3,43068,8,10.50,NULL,NULL,NULL,NULL,NULL,"2023-04-07 02:00:33"
74,11,391,3,43068,8,9.83,NULL,NULL,NULL,NULL,NULL,"2023-04-07 02:00:33"
75,11,413,3,43068,8,9.15,NULL,NULL,NULL,NULL,NULL,"2023-04-07 02:00:33"
76,5,413,3,43069,8,9.15,NULL,NULL,NULL,NULL,NULL,"2023-04-07 02:00:33"
77,5,391,3,43027,8,7.43,NULL,NULL,NULL,NULL,NULL,"2023-04-07 02:00:33"
78,5,382,3,43027,8,13.00,NULL,NULL,NULL,NULL,NULL,"2023-04-07 02:00:33"
79,5,395,3,43027,8,10.00,NULL,NULL,NULL,NULL,NULL,"2023-04-07 02:00:33"
80,7,391,3,43313,8,8.00,NULL,NULL,NULL,NULL,NULL,"2023-04-07 02:00:33"
81,7,394,3,43313,8,5.60,NULL,NULL,NULL,NULL,NULL,"2023-04-07 02:00:33"
82,100,384,3,43344,8,7.00,NULL,NULL,NULL,NULL,NULL,"2023-04-07 02:00:33"
83,100,394,3,43344,8,5.40,NULL,NULL,NULL,NULL,NULL,"2023-04-07 02:00:33"
84,100,391,3,43344,8,6.00,NULL,NULL,NULL,NULL,NULL,"2023-04-07 02:00:33"
85,58,383,3,43344,8,14.00,NULL,NULL,NULL,NULL,NULL,"2023-04-07 02:00:33"
86,58,413,3,43344,8,16.00,NULL,NULL,NULL,NULL,NULL,"2023-04-07 02:00:33"
87,58,391,3,43344,8,9.95,NULL,NULL,NULL,NULL,NULL,"2023-04-07 02:00:33"
88,58,394,3,43344,8,7.99,NULL,NULL,NULL,NULL,NULL,"2023-04-07 02:00:33"
89,2,413,3,43253,8,9.15,NULL,NULL,NULL,NULL,NULL,"2023-04-07 02:00:33"
90,2,391,3,43253,8,11.89,NULL,NULL,NULL,NULL,NULL,"2023-04-07 02:00:33"
91,2,391,3,43253,8,11.09,NULL,NULL,NULL,NULL,NULL,"2023-04-07 02:00:33"
92,102,413,3,43253,8,8.00,NULL,NULL,NULL,NULL,NULL,"2023-04-07 02:00:33"
93,102,394,3,43314,8,5.40,NULL,NULL,NULL,NULL,NULL,"2023-04-07 02:00:33"
94,102,391,3,43314,8,6.50,NULL,NULL,NULL,NULL,NULL,"2023-04-07 02:00:33"
95,5,395,3,43436,8,13.00,NULL,NULL,NULL,NULL,NULL,"2023-04-07 02:00:33"
96,11,395,3,43436,8,12.00,NULL,NULL,NULL,NULL,NULL,"2023-04-07 02:00:33"
97,102,394,3,43144,8,5.40,NULL,NULL,NULL,NULL,NULL,"2023-04-07 02:00:33"
98,102,413,3,43144,8,5.30,NULL,NULL,NULL,NULL,NULL,"2023-04-07 02:00:33"
99,102,391,3,43144,8,7.52,NULL,NULL,NULL,NULL,NULL,"2023-04-07 02:00:33"
100,9,383,3,43151,8,27.50,NULL,NULL,NULL,NULL,NULL,"2023-04-07 02:00:33"
101,9,391,3,43151,8,8.71,NULL,NULL,NULL,NULL,NULL,"2023-04-07 02:00:33"
102,99,391,3,43151,8,8.39,NULL,NULL,NULL,NULL,NULL,"2023-04-07 02:00:33"
103,11,394,3,43152,8,6.50,NULL,NULL,NULL,NULL,NULL,"2023-04-07 02:00:33"
104,11,413,3,43152,8,9.15,NULL,NULL,NULL,NULL,NULL,"2023-04-07 02:00:33"
105,11,413,3,43152,8,9.15,NULL,NULL,NULL,NULL,NULL,"2023-04-07 02:00:33"
106,11,394,3,43152,8,6.50,NULL,NULL,NULL,NULL,NULL,"2023-04-07 02:00:33"
107,8,413,3,43152,8,9.15,NULL,NULL,NULL,NULL,NULL,"2023-04-07 02:00:33"
108,8,391,3,43152,8,11.72,NULL,NULL,NULL,NULL,NULL,"2023-04-07 02:00:33"
109,5,391,3,43154,8,7.60,NULL,NULL,NULL,NULL,NULL,"2023-04-07 02:00:33"
110,5,413,3,43154,8,7.95,NULL,NULL,NULL,NULL,NULL,"2023-04-07 02:00:33"
111,2,382,3,43153,8,10.50,NULL,NULL,NULL,NULL,NULL,"2023-04-07 02:00:33"
112,2,413,3,43153,8,9.15,NULL,NULL,NULL,NULL,NULL,"2023-04-07 02:00:33"
113,11,382,3,43154,8,10.00,NULL,NULL,NULL,NULL,NULL,"2023-04-07 02:00:33"
114,11,394,3,43154,8,5.80,NULL,NULL,NULL,NULL,NULL,"2023-04-07 02:00:33"
115,5,413,3,42578,8,9.15,NULL,NULL,NULL,NULL,NULL,"2023-04-07 02:00:33"
116,5,394,3,42576,8,6.70,NULL,NULL,NULL,NULL,NULL,"2023-04-07 02:00:33"
117,7,413,3,42576,8,9.00,NULL,NULL,NULL,NULL,NULL,"2023-04-07 02:00:33"
118,8,413,3,42576,8,9.00,NULL,NULL,NULL,NULL,NULL,"2023-04-07 02:00:33"
119,103,413,3,42576,8,7.50,NULL,NULL,NULL,NULL,NULL,"2023-04-07 02:00:33"
120,102,382,3,42578,8,6.50,NULL,NULL,NULL,NULL,NULL,"2023-04-07 02:00:33"
121,2,413,3,43033,8,9.15,NULL,NULL,NULL,NULL,NULL,"2023-04-07 02:00:33"
122,7,391,3,43038,8,7.34,NULL,NULL,NULL,NULL,NULL,"2023-04-07 02:00:33"
123,7,394,3,43038,8,5.60,NULL,NULL,NULL,NULL,NULL,"2023-04-07 02:00:33"
124,11,394,3,42595,8,3.40,NULL,NULL,NULL,NULL,NULL,"2023-04-07 02:00:33"
125,11,394,3,43068,8,5.40,NULL,NULL,NULL,NULL,NULL,"2023-04-07 02:00:33"
126,2,391,3,43069,8,9.53,NULL,NULL,NULL,NULL,NULL,"2023-04-07 02:00:33"
127,5,391,3,43069,8,11.19,NULL,NULL,NULL,NULL,NULL,"2023-04-07 02:00:33"
128,7,413,3,43313,8,9.15,NULL,NULL,NULL,NULL,NULL,"2023-04-07 02:00:33"
129,100,413,3,43344,8,7.00,NULL,NULL,NULL,NULL,NULL,"2023-04-07 02:00:33"
130,58,384,3,43344,8,14.00,NULL,NULL,NULL,NULL,NULL,"2023-04-07 02:00:33"
131,100,394,3,42927,8,5.20,NULL,NULL,NULL,NULL,NULL,"2023-04-07 02:00:33"
132,100,391,3,42927,8,6.76,NULL,NULL,NULL,NULL,NULL,"2023-04-07 02:00:33"
133,2,395,3,43253,8,11.00,NULL,NULL,NULL,NULL,NULL,"2023-04-07 02:00:33"
134,2,413,3,43253,8,10.00,NULL,NULL,NULL,NULL,NULL,"2023-04-07 02:00:33"
135,102,391,3,43253,8,7.28,NULL,NULL,NULL,NULL,NULL,"2023-04-07 02:00:33"
136,102,413,3,43314,8,7.00,NULL,NULL,NULL,NULL,NULL,"2023-04-07 02:00:33"
137,5,413,3,43436,8,9.15,NULL,NULL,NULL,NULL,NULL,"2023-04-07 02:00:33"
138,11,413,3,43436,8,9.00,NULL,NULL,NULL,NULL,NULL,"2023-04-07 02:00:33"
139,102,382,3,43144,8,7.00,NULL,NULL,NULL,NULL,NULL,"2023-04-07 02:00:33"
140,9,413,3,43151,8,9.15,NULL,NULL,NULL,NULL,NULL,"2023-04-07 02:00:33"
141,99,413,3,43151,8,5.75,NULL,NULL,NULL,NULL,NULL,"2023-04-07 02:00:33"
142,11,391,3,43152,8,11.72,NULL,NULL,NULL,NULL,NULL,"2023-04-07 02:00:33"
143,11,391,3,43152,8,10.35,NULL,NULL,NULL,NULL,NULL,"2023-04-07 02:00:33"
144,5,382,3,43154,8,9.90,NULL,NULL,NULL,NULL,NULL,"2023-04-07 02:00:33"
145,2,391,3,43153,8,14.84,NULL,NULL,NULL,NULL,NULL,"2023-04-07 02:00:33"
146,11,391,3,43154,8,7.60,NULL,NULL,NULL,NULL,NULL,"2023-04-07 02:00:33"
147,8,413,3,43224,8,9.15,NULL,NULL,NULL,NULL,NULL,"2023-04-07 02:00:33"
148,99,391,3,43255,8,8.85,NULL,NULL,NULL,NULL,NULL,"2023-04-07 02:00:33"
149,3,413,3,43438,8,10.00,NULL,NULL,NULL,NULL,NULL,"2023-04-07 02:00:33"
150,2,391,3,43054,8,14.88,NULL,NULL,NULL,NULL,NULL,"2023-04-07 02:00:33"
151,2,413,3,43054,8,9.15,NULL,NULL,NULL,NULL,NULL,"2023-04-07 02:00:33"
152,100,394,3,43204,8,4.78,NULL,NULL,NULL,NULL,NULL,"2023-04-07 02:00:33"
153,102,394,3,43216,8,4.50,NULL,NULL,NULL,NULL,NULL,"2023-04-07 02:00:33"
154,5,382,3,43055,8,10.50,NULL,NULL,NULL,NULL,NULL,"2023-04-07 02:00:33"
155,5,413,3,43055,8,9.15,NULL,NULL,NULL,NULL,NULL,"2023-04-07 02:00:33"
156,5,394,3,43055,8,5.60,NULL,NULL,NULL,NULL,NULL,"2023-04-07 02:00:33"
157,102,394,3,43055,8,4.98,NULL,NULL,NULL,NULL,NULL,"2023-04-07 02:00:33"
158,13,391,3,43056,8,10.86,NULL,NULL,NULL,NULL,NULL,"2023-04-07 02:00:33"
159,13,413,3,43056,8,9.15,NULL,NULL,NULL,NULL,NULL,"2023-04-07 02:00:33"
160,100,391,3,43225,8,6.85,NULL,NULL,NULL,NULL,NULL,"2023-04-07 02:00:33"
161,3,391,3,43225,8,10.78,NULL,NULL,NULL,NULL,NULL,"2023-04-07 02:00:33"
162,2,382,3,43061,8,9.90,NULL,NULL,NULL,NULL,NULL,"2023-04-07 02:00:33"
163,2,391,3,43061,8,11.09,NULL,NULL,NULL,NULL,NULL,"2023-04-07 02:00:33"
164,2,413,3,43061,8,9.15,NULL,NULL,NULL,NULL,NULL,"2023-04-07 02:00:33"
165,5,395,3,43062,8,11.00,NULL,NULL,NULL,NULL,NULL,"2023-04-07 02:00:33"
166,9,382,3,43062,8,22.00,NULL,NULL,NULL,NULL,NULL,"2023-04-07 02:00:33"
167,102,394,3,43317,8,5.40,NULL,NULL,NULL,NULL,NULL,"2023-04-07 02:00:33"
168,2,383,3,43317,8,12.90,NULL,NULL,NULL,NULL,NULL,"2023-04-07 02:00:33"
169,5,391,3,43317,8,8.90,NULL,NULL,NULL,NULL,NULL,"2023-04-07 02:00:33"
170,11,413,3,43409,8,12.00,NULL,NULL,NULL,NULL,NULL,"2023-04-07 02:00:33"
171,100,413,3,43409,8,7.00,NULL,NULL,NULL,NULL,NULL,"2023-04-07 02:00:33"
172,8,391,3,43234,8,10.61,NULL,NULL,NULL,NULL,NULL,"2023-04-07 02:00:33"
173,7,391,3,43236,8,9.03,NULL,NULL,NULL,NULL,NULL,"2023-04-07 02:00:33"
174,13,391,3,43236,8,10.33,NULL,NULL,NULL,NULL,NULL,"2023-04-07 02:00:33"
175,7,394,3,43063,8,5.60,NULL,NULL,NULL,NULL,NULL,"2023-04-07 02:00:33"
176,5,391,3,43237,8,9.50,NULL,NULL,NULL,NULL,NULL,"2023-04-07 02:00:33"
177,7,403,3,43063,8,4.50,NULL,NULL,NULL,NULL,NULL,"2023-04-07 02:00:33"
178,7,391,3,43063,8,9.82,NULL,NULL,NULL,NULL,NULL,"2023-04-07 02:00:33"
179,2,391,3,43237,8,10.78,NULL,NULL,NULL,NULL,NULL,"2023-04-07 02:00:33"
180,102,413,3,43063,8,7.00,NULL,NULL,NULL,NULL,NULL,"2023-04-07 02:00:33"
181,102,382,3,43063,8,6.50,NULL,NULL,NULL,NULL,NULL,"2023-04-07 02:00:33"
182,102,391,3,43063,8,11.23,NULL,NULL,NULL,NULL,NULL,"2023-04-07 02:00:33"
183,102,403,3,43063,8,3.65,NULL,NULL,NULL,NULL,NULL,"2023-04-07 02:00:33"
184,102,391,3,43237,8,6.66,NULL,NULL,NULL,NULL,NULL,"2023-04-07 02:00:33"
185,103,382,3,43238,8,7.00,NULL,NULL,NULL,NULL,NULL,"2023-04-07 02:00:33"
186,2,391,3,43066,8,11.49,NULL,NULL,NULL,NULL,NULL,"2023-04-07 02:00:33"
187,2,382,3,43066,8,13.00,NULL,NULL,NULL,NULL,NULL,"2023-04-07 02:00:33"
188,2,395,3,43066,8,9.00,NULL,NULL,NULL,NULL,NULL,"2023-04-07 02:00:33"
189,103,413,3,43067,8,6.80,NULL,NULL,NULL,NULL,NULL,"2023-04-07 02:00:33"
190,103,382,3,43067,8,7.00,NULL,NULL,NULL,NULL,NULL,"2023-04-07 02:00:33"
191,103,383,3,43067,8,7.90,NULL,NULL,NULL,NULL,NULL,"2023-04-07 02:00:33"
192,11,403,3,43116,8,5.85,NULL,NULL,NULL,NULL,NULL,"2023-04-07 02:00:33"
193,11,391,3,43116,8,8.19,NULL,NULL,NULL,NULL,NULL,"2023-04-07 02:00:33"
194,7,394,3,43115,8,6.50,NULL,NULL,NULL,NULL,NULL,"2023-04-07 02:00:33"
195,7,395,3,43115,8,10.00,NULL,NULL,NULL,NULL,NULL,"2023-04-07 02:00:33"
196,7,391,3,43115,8,8.19,NULL,NULL,NULL,NULL,NULL,"2023-04-07 02:00:33"
197,5,391,3,43115,8,8.02,NULL,NULL,NULL,NULL,NULL,"2023-04-07 02:00:33"
198,5,413,3,43115,8,7.98,NULL,NULL,NULL,NULL,NULL,"2023-04-07 02:00:33"
199,5,382,3,43115,8,9.90,NULL,NULL,NULL,NULL,NULL,"2023-04-07 02:00:33"
200,2,383,3,43115,8,12.85,NULL,NULL,NULL,NULL,NULL,"2023-04-07 02:00:33"
201,2,382,3,43115,8,9.90,NULL,NULL,NULL,NULL,NULL,"2023-04-07 02:00:33"
202,2,391,3,43115,8,10.70,NULL,NULL,NULL,NULL,NULL,"2023-04-07 02:00:33"
203,99,413,3,43115,8,7.00,NULL,NULL,NULL,NULL,NULL,"2023-04-07 02:00:33"
204,102,413,3,43115,8,7.00,NULL,NULL,NULL,NULL,NULL,"2023-04-07 02:00:33"
205,102,382,3,43115,8,7.00,NULL,NULL,NULL,NULL,NULL,"2023-04-07 02:00:33"
206,102,394,3,43115,8,5.40,NULL,NULL,NULL,NULL,NULL,"2023-04-07 02:00:33"
207,102,391,3,43115,8,5.82,NULL,NULL,NULL,NULL,NULL,"2023-04-07 02:00:33"
208,15,391,3,42632,8,10.19,NULL,NULL,NULL,NULL,NULL,"2023-04-07 02:00:33"
209,5,405,3,42632,8,7.60,NULL,NULL,NULL,NULL,NULL,"2023-04-07 02:00:33"
210,8,413,3,42634,8,9.15,NULL,NULL,NULL,NULL,NULL,"2023-04-07 02:00:33"
211,102,383,3,42439,8,9.37,NULL,NULL,NULL,NULL,NULL,"2023-04-07 02:00:33"
212,7,413,3,42696,8,10.13,NULL,NULL,NULL,NULL,NULL,"2023-04-07 02:00:33"
213,103,413,3,42996,8,6.30,NULL,NULL,NULL,NULL,NULL,"2023-04-07 02:00:33"
214,2,384,3,42996,8,4.50,NULL,NULL,NULL,NULL,NULL,"2023-04-07 02:00:33"
215,2,382,3,42996,8,22.50,NULL,NULL,NULL,NULL,NULL,"2023-04-07 02:00:33"
216,3,394,3,42999,8,6.80,NULL,NULL,NULL,NULL,NULL,"2023-04-07 02:00:33"
217,7,391,3,43000,8,8.19,NULL,NULL,NULL,NULL,NULL,"2023-04-07 02:00:33"
218,2,391,3,43001,8,11.49,NULL,NULL,NULL,NULL,NULL,"2023-04-07 02:00:33"
219,5,382,3,43003,8,12.00,NULL,NULL,NULL,NULL,NULL,"2023-04-07 02:00:33"
220,106,395,3,43003,8,8.00,NULL,NULL,NULL,NULL,NULL,"2023-04-07 02:00:33"
221,2,383,3,43005,8,12.99,NULL,NULL,NULL,NULL,NULL,"2023-04-07 02:00:33"
222,102,394,3,43006,8,4.90,NULL,NULL,NULL,NULL,NULL,"2023-04-07 02:00:33"
223,5,383,3,43007,8,15.50,NULL,NULL,NULL,NULL,NULL,"2023-04-07 02:00:33"
224,2,413,3,42988,8,8.40,NULL,NULL,NULL,NULL,NULL,"2023-04-07 02:00:33"
225,5,405,3,42957,8,5.25,NULL,NULL,NULL,NULL,NULL,"2023-04-07 02:00:33"
226,8,391,3,43079,8,9.05,NULL,NULL,NULL,NULL,NULL,"2023-04-07 02:00:33"
227,5,394,3,43027,8,5.98,NULL,NULL,NULL,NULL,NULL,"2023-04-07 02:00:33"
228,2,391,3,43033,8,9.51,NULL,NULL,NULL,NULL,NULL,"2023-04-07 02:00:33"
229,7,413,3,43038,8,9.15,NULL,NULL,NULL,NULL,NULL,"2023-04-07 02:00:33"
230,100,395,3,42927,8,8.00,NULL,NULL,NULL,NULL,NULL,"2023-04-07 02:00:33"
231,2,395,3,43054,8,10.00,NULL,NULL,NULL,NULL,NULL,"2023-04-07 02:00:33"
232,2,391,3,43056,8,9.53,NULL,NULL,NULL,NULL,NULL,"2023-04-07 02:00:33"
233,8,391,3,43056,8,10.86,NULL,NULL,NULL,NULL,NULL,"2023-04-07 02:00:33"
234,5,391,3,43055,8,8.62,NULL,NULL,NULL,NULL,NULL,"2023-04-07 02:00:33"
235,102,391,3,43055,8,6.03,NULL,NULL,NULL,NULL,NULL,"2023-04-07 02:00:33"
236,2,403,3,43061,8,5.90,NULL,NULL,NULL,NULL,NULL,"2023-04-07 02:00:33"
237,5,405,3,43062,8,7.50,NULL,NULL,NULL,NULL,NULL,"2023-04-07 02:00:33"
238,9,391,3,43062,8,15.05,NULL,NULL,NULL,NULL,NULL,"2023-04-07 02:00:33"
239,3,394,3,43062,8,6.50,NULL,NULL,NULL,NULL,NULL,"2023-04-07 02:00:33"
240,7,413,3,43063,8,9.15,NULL,NULL,NULL,NULL,NULL,"2023-04-07 02:00:33"
241,102,394,3,43063,8,4.98,NULL,NULL,NULL,NULL,NULL,"2023-04-07 02:00:33"
242,2,413,3,43066,8,9.15,NULL,NULL,NULL,NULL,NULL,"2023-04-07 02:00:33"
243,2,391,3,43066,8,13.31,NULL,NULL,NULL,NULL,NULL,"2023-04-07 02:00:33"
244,100,391,3,43067,8,8.10,NULL,NULL,NULL,NULL,NULL,"2023-04-07 02:00:33"
245,103,391,3,43067,8,6.99,NULL,NULL,NULL,NULL,NULL,"2023-04-07 02:00:33"
246,11,394,3,43116,8,6.90,NULL,NULL,NULL,NULL,NULL,"2023-04-07 02:00:33"
247,5,383,3,43115,8,11.65,NULL,NULL,NULL,NULL,NULL,"2023-04-07 02:00:33"
248,2,413,3,43115,8,9.15,NULL,NULL,NULL,NULL,NULL,"2023-04-07 02:00:33"
249,99,391,3,43115,8,6.52,NULL,NULL,NULL,NULL,NULL,"2023-04-07 02:00:33"
250,102,384,3,43115,8,7.00,NULL,NULL,NULL,NULL,NULL,"2023-04-07 02:00:33"
251,102,391,3,43117,8,8.50,NULL,NULL,NULL,NULL,NULL,"2023-04-07 02:00:33"
252,100,413,3,43117,8,7.00,NULL,NULL,NULL,NULL,NULL,"2023-04-07 02:00:33"
253,2,391,3,43117,8,11.72,NULL,NULL,NULL,NULL,NULL,"2023-04-07 02:00:33"
254,11,413,3,43117,8,9.15,NULL,NULL,NULL,NULL,NULL,"2023-04-07 02:00:33"
255,5,413,3,43124,8,9.15,NULL,NULL,NULL,NULL,NULL,"2023-04-07 02:00:33"
256,103,413,3,43126,8,6.44,NULL,NULL,NULL,NULL,NULL,"2023-04-07 02:00:33"
257,103,395,3,43129,8,8.00,NULL,NULL,NULL,NULL,NULL,"2023-04-07 02:00:33"
258,99,413,3,43133,8,7.50,NULL,NULL,NULL,NULL,NULL,"2023-04-07 02:00:33"
259,98,413,3,43133,8,7.50,NULL,NULL,NULL,NULL,NULL,"2023-04-07 02:00:33"
260,9,413,3,43159,8,9.15,NULL,NULL,NULL,NULL,NULL,"2023-04-07 02:00:33"
261,7,405,3,43159,8,6.00,NULL,NULL,NULL,NULL,NULL,"2023-04-07 02:00:33"
262,5,413,3,43159,8,9.15,NULL,NULL,NULL,NULL,NULL,"2023-04-07 02:00:33"
263,7,413,3,43158,8,192.00,NULL,NULL,NULL,NULL,NULL,"2023-04-07 02:00:33"
264,100,413,3,43158,8,7.00,NULL,NULL,NULL,NULL,NULL,"2023-04-07 02:00:33"
265,7,405,3,43134,8,6.25,NULL,NULL,NULL,NULL,NULL,"2023-04-07 02:00:33"
266,99,391,3,43254,8,8.85,NULL,NULL,NULL,NULL,NULL,"2023-04-07 02:00:33"
267,5,405,3,43284,8,6.25,NULL,NULL,NULL,NULL,NULL,"2023-04-07 02:00:33"
268,2,413,3,42604,8,5.50,NULL,NULL,NULL,NULL,NULL,"2023-04-07 02:00:33"
269,2,391,3,42604,8,10.79,NULL,NULL,NULL,NULL,NULL,"2023-04-07 02:00:33"
270,2,394,3,42604,8,6.15,NULL,NULL,NULL,NULL,NULL,"2023-04-07 02:00:33"
271,2,447,3,42604,8,4.02,NULL,NULL,NULL,NULL,NULL,"2023-04-07 02:00:33"
272,103,394,3,42604,8,4.00,NULL,NULL,NULL,NULL,NULL,"2023-04-07 02:00:33"
273,103,391,3,42604,8,7.82,NULL,NULL,NULL,NULL,NULL,"2023-04-07 02:00:33"
274,10,398,3,42606,8,3.33,NULL,NULL,NULL,NULL,NULL,"2023-04-07 02:00:33"
275,11,405,3,42607,8,7.50,NULL,NULL,NULL,NULL,NULL,"2023-04-07 02:00:33"
276,11,413,3,42607,8,9.15,NULL,NULL,NULL,NULL,NULL,"2023-04-07 02:00:33"
277,11,394,3,42607,8,4.20,NULL,NULL,NULL,NULL,NULL,"2023-04-07 02:00:33"
278,103,394,3,42609,8,4.80,NULL,NULL,NULL,NULL,NULL,"2023-04-07 02:00:33"
279,103,391,3,42609,8,6.65,NULL,NULL,NULL,NULL,NULL,"2023-04-07 02:00:33"
280,103,413,3,42609,8,7.50,NULL,NULL,NULL,NULL,NULL,"2023-04-07 02:00:33"
281,98,394,3,42612,8,5.30,NULL,NULL,NULL,NULL,NULL,"2023-04-07 02:00:33"
282,98,413,3,42612,8,7.00,NULL,NULL,NULL,NULL,NULL,"2023-04-07 02:00:33"
283,98,384,3,42612,8,8.00,NULL,NULL,NULL,NULL,NULL,"2023-04-07 02:00:33"
284,98,391,3,42612,8,7.38,NULL,NULL,NULL,NULL,NULL,"2023-04-07 02:00:33"
285,100,382,3,42612,8,6.25,NULL,NULL,NULL,NULL,NULL,"2023-04-07 02:00:33"
286,100,383,3,42612,8,18.00,NULL,NULL,NULL,NULL,NULL,"2023-04-07 02:00:33"
287,100,391,3,42612,8,6.96,NULL,NULL,NULL,NULL,NULL,"2023-04-07 02:00:33"
288,100,394,3,42612,8,5.30,NULL,NULL,NULL,NULL,NULL,"2023-04-07 02:00:33"
289,100,413,3,42612,8,7.00,NULL,NULL,NULL,NULL,NULL,"2023-04-07 02:00:33"
290,3,395,3,42530,8,9.00,NULL,NULL,NULL,NULL,NULL,"2023-04-07 02:00:33"
291,3,394,3,42530,8,6.75,NULL,NULL,NULL,NULL,NULL,"2023-04-07 02:00:33"
292,3,413,3,42530,8,9.15,NULL,NULL,NULL,NULL,NULL,"2023-04-07 02:00:33"
293,6,413,3,42530,8,9.15,NULL,NULL,NULL,NULL,NULL,"2023-04-07 02:00:33"
294,6,391,3,42530,8,9.51,NULL,NULL,NULL,NULL,NULL,"2023-04-07 02:00:33"
295,6,395,3,42530,8,9.00,NULL,NULL,NULL,NULL,NULL,"2023-04-07 02:00:33"
296,5,395,3,42560,8,9.80,NULL,NULL,NULL,NULL,NULL,"2023-04-07 02:00:33"
297,5,405,3,42560,8,6.85,NULL,NULL,NULL,NULL,NULL,"2023-04-07 02:00:33"
298,3,413,3,42591,8,9.15,NULL,NULL,NULL,NULL,NULL,"2023-04-07 02:00:33"
299,5,413,3,42591,8,9.50,NULL,NULL,NULL,NULL,NULL,"2023-04-07 02:00:33"
300,7,413,3,42591,8,9.15,NULL,NULL,NULL,NULL,NULL,"2023-04-07 02:00:33"
301,7,384,3,42591,8,12.00,NULL,NULL,NULL,NULL,NULL,"2023-04-07 02:00:33"
302,103,394,3,42591,8,4.50,NULL,NULL,NULL,NULL,NULL,"2023-04-07 02:00:33"
303,103,382,3,42591,8,6.25,NULL,NULL,NULL,NULL,NULL,"2023-04-07 02:00:33"
304,103,384,3,42591,8,8.00,NULL,NULL,NULL,NULL,NULL,"2023-04-07 02:00:33"
305,102,394,3,42591,8,4.30,NULL,NULL,NULL,NULL,NULL,"2023-04-07 02:00:33"
306,102,413,3,42591,8,6.70,NULL,NULL,NULL,NULL,NULL,"2023-04-07 02:00:33"
307,11,394,3,42632,8,6.20,NULL,NULL,NULL,NULL,NULL,"2023-04-07 02:00:33"
308,11,413,3,42632,8,8.80,NULL,NULL,NULL,NULL,NULL,"2023-04-07 02:00:33"
309,2,394,3,42748,8,5.48,NULL,NULL,NULL,NULL,NULL,"2023-04-07 02:00:33"
310,2,383,3,42748,8,14.47,NULL,NULL,NULL,NULL,NULL,"2023-04-07 02:00:33"
311,2,382,3,42748,8,9.65,NULL,NULL,NULL,NULL,NULL,"2023-04-07 02:00:33"
312,2,413,3,42748,8,12.00,NULL,NULL,NULL,NULL,NULL,"2023-04-07 02:00:33"
313,2,391,3,42748,8,11.91,NULL,NULL,NULL,NULL,NULL,"2023-04-07 02:00:33"
314,2,395,3,42748,8,9.94,NULL,NULL,NULL,NULL,NULL,"2023-04-07 02:00:33"
315,2,394,3,42753,8,5.55,NULL,NULL,NULL,NULL,NULL,"2023-04-07 02:00:33"
316,2,382,3,42753,8,9.90,NULL,NULL,NULL,NULL,NULL,"2023-04-07 02:00:33"
317,2,391,3,42753,8,13.52,NULL,NULL,NULL,NULL,NULL,"2023-04-07 02:00:33"
318,103,413,3,42755,8,7.20,NULL,NULL,NULL,NULL,NULL,"2023-04-07 02:00:33"
319,103,384,3,42755,8,7.00,NULL,NULL,NULL,NULL,NULL,"2023-04-07 02:00:33"
320,5,413,3,42758,8,8.95,NULL,NULL,NULL,NULL,NULL,"2023-04-07 02:00:33"
321,7,382,3,42758,8,11.40,NULL,NULL,NULL,NULL,NULL,"2023-04-07 02:00:33"
322,7,413,3,42758,8,12.00,NULL,NULL,NULL,NULL,NULL,"2023-04-07 02:00:33"
323,7,391,3,42758,8,11.23,NULL,NULL,NULL,NULL,NULL,"2023-04-07 02:00:33"
324,9,383,3,42758,8,28.00,NULL,NULL,NULL,NULL,NULL,"2023-04-07 02:00:33"
325,5,413,3,42760,8,9.15,NULL,NULL,NULL,NULL,NULL,"2023-04-07 02:00:33"
326,5,384,3,42760,8,11.00,NULL,NULL,NULL,NULL,NULL,"2023-04-07 02:00:33"
327,50,395,3,42760,8,13.90,NULL,NULL,NULL,NULL,NULL,"2023-04-07 02:00:33"
328,50,391,3,42760,8,9.99,NULL,NULL,NULL,NULL,NULL,"2023-04-07 02:00:33"
329,50,384,3,42760,8,13.00,NULL,NULL,NULL,NULL,NULL,"2023-04-07 02:00:33"
330,50,413,3,42760,8,9.50,NULL,NULL,NULL,NULL,NULL,"2023-04-07 02:00:33"
331,50,394,3,42760,8,8.68,NULL,NULL,NULL,NULL,NULL,"2023-04-07 02:00:33"
332,7,394,3,42760,8,5.60,NULL,NULL,NULL,NULL,NULL,"2023-04-07 02:00:33"
333,7,413,3,42760,8,7.98,NULL,NULL,NULL,NULL,NULL,"2023-04-07 02:00:33"
334,7,391,3,42760,8,10.92,NULL,NULL,NULL,NULL,NULL,"2023-04-07 02:00:33"
335,7,382,3,42760,8,9.75,NULL,NULL,NULL,NULL,NULL,"2023-04-07 02:00:33"
336,98,413,3,42760,8,7.50,NULL,NULL,NULL,NULL,NULL,"2023-04-07 02:00:33"
337,98,394,3,42760,8,6.00,NULL,NULL,NULL,NULL,NULL,"2023-04-07 02:00:33"
338,98,382,3,42760,8,8.25,NULL,NULL,NULL,NULL,NULL,"2023-04-07 02:00:33"
339,100,413,3,42760,8,7.50,NULL,NULL,NULL,NULL,NULL,"2023-04-07 02:00:33"
340,100,394,3,42760,8,6.00,NULL,NULL,NULL,NULL,NULL,"2023-04-07 02:00:33"
341,100,382,3,42760,8,6.90,NULL,NULL,NULL,NULL,NULL,"2023-04-07 02:00:33"
342,103,391,3,42760,8,7.33,NULL,NULL,NULL,NULL,NULL,"2023-04-07 02:00:33"
343,14,391,3,42737,8,13.96,NULL,NULL,NULL,NULL,NULL,"2023-04-07 02:00:33"
344,102,384,3,42737,8,8.00,NULL,NULL,NULL,NULL,NULL,"2023-04-07 02:00:33"
345,102,413,3,42737,8,7.50,NULL,NULL,NULL,NULL,NULL,"2023-04-07 02:00:33"
346,102,382,3,42737,8,7.00,NULL,NULL,NULL,NULL,NULL,"2023-04-07 02:00:33"
347,99,391,3,42888,8,8.20,NULL,NULL,NULL,NULL,NULL,"2023-04-07 02:00:33"
348,7,382,3,42918,8,12.00,NULL,NULL,NULL,NULL,NULL,"2023-04-07 02:00:33"
349,7,391,3,42918,8,8.09,NULL,NULL,NULL,NULL,NULL,"2023-04-07 02:00:33"
350,7,394,3,42918,8,7.80,NULL,NULL,NULL,NULL,NULL,"2023-04-07 02:00:33"
351,2,413,3,43412,8,9.15,NULL,NULL,NULL,NULL,NULL,"2023-04-07 02:00:33"
352,100,384,3,43339,8,5.00,NULL,NULL,NULL,NULL,NULL,"2023-04-07 02:00:33"
353,100,413,3,43339,8,7.00,NULL,NULL,NULL,NULL,NULL,"2023-04-07 02:00:33"
354,100,394,3,43339,8,4.50,NULL,NULL,NULL,NULL,NULL,"2023-04-07 02:00:33"
355,102,384,3,43339,8,6.00,NULL,NULL,NULL,NULL,NULL,"2023-04-07 02:00:33"
356,102,394,3,43339,8,4.50,NULL,NULL,NULL,NULL,NULL,"2023-04-07 02:00:33"
357,11,413,3,43339,8,9.15,NULL,NULL,NULL,NULL,NULL,"2023-04-07 02:00:33"
358,11,391,3,43339,8,8.90,NULL,NULL,NULL,NULL,NULL,"2023-04-07 02:00:33"
359,11,394,3,43339,8,6.50,NULL,NULL,NULL,NULL,NULL,"2023-04-07 02:00:33"
360,5,413,3,43340,8,9.15,NULL,NULL,NULL,NULL,NULL,"2023-04-07 02:00:33"
361,5,403,3,43340,8,5.85,NULL,NULL,NULL,NULL,NULL,"2023-04-07 02:00:33"
362,5,394,3,43340,8,5.60,NULL,NULL,NULL,NULL,NULL,"2023-04-07 02:00:33"
363,11,413,3,43343,8,9.15,NULL,NULL,NULL,NULL,NULL,"2023-04-07 02:00:33"
364,2,391,3,43109,8,11.46,NULL,NULL,NULL,NULL,NULL,"2023-04-07 02:00:33"
365,5,383,3,43402,8,30.00,NULL,NULL,NULL,NULL,NULL,"2023-04-07 02:00:33"
366,5,413,3,43142,8,9.15,NULL,NULL,NULL,NULL,NULL,"2023-04-07 02:00:33"
367,103,391,3,43404,8,6.60,NULL,NULL,NULL,NULL,NULL,"2023-04-07 02:00:33"
368,5,413,3,43417,8,9.15,NULL,NULL,NULL,NULL,NULL,"2023-04-07 02:00:33"
369,102,394,3,43425,8,4.50,NULL,NULL,NULL,NULL,NULL,"2023-04-07 02:00:33"
370,102,391,3,43425,8,6.00,NULL,NULL,NULL,NULL,NULL,"2023-04-07 02:00:33"
371,3,403,3,43426,8,5.95,NULL,NULL,NULL,NULL,NULL,"2023-04-07 02:00:33"
372,9,400,3,43469,8,9.15,NULL,NULL,NULL,NULL,NULL,"2023-04-07 02:00:33"
373,5,391,3,43500,8,8.54,NULL,NULL,NULL,NULL,NULL,"2023-04-07 02:00:33"
374,100,391,3,43774,8,6.40,NULL,NULL,NULL,NULL,NULL,"2023-04-07 02:00:33"
375,2,391,3,43743,8,10.85,NULL,NULL,NULL,NULL,NULL,"2023-04-07 02:00:33"
376,102,400,3,43599,8,7.50,NULL,NULL,NULL,NULL,NULL,"2023-04-07 02:00:33"
377,2,391,3,43601,8,8.95,NULL,NULL,NULL,NULL,NULL,"2023-04-07 02:00:33"
378,2,394,3,43601,8,5.60,NULL,NULL,NULL,NULL,NULL,"2023-04-07 02:00:33"
379,2,403,3,43601,8,5.65,NULL,NULL,NULL,NULL,NULL,"2023-04-07 02:00:33"
380,2,400,3,43601,8,9.00,NULL,NULL,NULL,NULL,NULL,"2023-04-07 02:00:33"
381,11,403,3,43605,8,5.59,NULL,NULL,NULL,NULL,NULL,"2023-04-07 02:00:33"
382,2,405,3,42604,8,7.35,NULL,NULL,NULL,NULL,NULL,"2023-04-07 02:00:33"
383,103,383,3,42604,8,9.38,NULL,NULL,NULL,NULL,NULL,"2023-04-07 02:00:33"
384,10,413,3,42606,8,9.15,NULL,NULL,NULL,NULL,NULL,"2023-04-07 02:00:33"
385,11,391,3,42607,8,9.68,NULL,NULL,NULL,NULL,NULL,"2023-04-07 02:00:33"
386,103,403,3,42609,8,3.50,NULL,NULL,NULL,NULL,NULL,"2023-04-07 02:00:33"
387,98,382,3,42612,8,6.50,NULL,NULL,NULL,NULL,NULL,"2023-04-07 02:00:33"
388,100,384,3,42612,8,7.00,NULL,NULL,NULL,NULL,NULL,"2023-04-07 02:00:33"
389,3,391,3,42530,8,10.77,NULL,NULL,NULL,NULL,NULL,"2023-04-07 02:00:33"
390,6,394,3,42530,8,6.75,NULL,NULL,NULL,NULL,NULL,"2023-04-07 02:00:33"
391,5,413,3,42560,8,9.15,NULL,NULL,NULL,NULL,NULL,"2023-04-07 02:00:33"
392,3,395,3,42591,8,9.00,NULL,NULL,NULL,NULL,NULL,"2023-04-07 02:00:33"
393,5,395,3,42591,8,9.00,NULL,NULL,NULL,NULL,NULL,"2023-04-07 02:00:33"
394,7,391,3,42591,8,9.36,NULL,NULL,NULL,NULL,NULL,"2023-04-07 02:00:33"
395,103,413,3,42591,8,6.70,NULL,NULL,NULL,NULL,NULL,"2023-04-07 02:00:33"
396,102,384,3,42591,8,7.00,NULL,NULL,NULL,NULL,NULL,"2023-04-07 02:00:33"
397,11,391,3,42632,8,7.72,NULL,NULL,NULL,NULL,NULL,"2023-04-07 02:00:33"
398,2,384,3,42748,8,4.75,NULL,NULL,NULL,NULL,NULL,"2023-04-07 02:00:33"
399,2,413,3,42753,8,14.50,NULL,NULL,NULL,NULL,NULL,"2023-04-07 02:00:33"
400,103,394,3,42755,8,5.20,NULL,NULL,NULL,NULL,NULL,"2023-04-07 02:00:33"
401,5,391,3,42758,8,11.90,NULL,NULL,NULL,NULL,NULL,"2023-04-07 02:00:33"
402,7,394,3,42758,8,7.25,NULL,NULL,NULL,NULL,NULL,"2023-04-07 02:00:33"
403,9,391,3,42758,8,10.46,NULL,NULL,NULL,NULL,NULL,"2023-04-07 02:00:33"
404,5,391,3,42760,8,10.04,NULL,NULL,NULL,NULL,NULL,"2023-04-07 02:00:33"
405,7,384,3,42760,8,13.00,NULL,NULL,NULL,NULL,NULL,"2023-04-07 02:00:33"
406,98,391,3,42760,8,8.91,NULL,NULL,NULL,NULL,NULL,"2023-04-07 02:00:33"
407,100,391,3,42760,8,7.70,NULL,NULL,NULL,NULL,NULL,"2023-04-07 02:00:33"
408,103,382,3,42760,8,6.50,NULL,NULL,NULL,NULL,NULL,"2023-04-07 02:00:33"
409,14,394,3,42737,8,6.50,NULL,NULL,NULL,NULL,NULL,"2023-04-07 02:00:33"
410,102,394,3,42737,8,5.90,NULL,NULL,NULL,NULL,NULL,"2023-04-07 02:00:33"
411,99,394,3,42888,8,6.00,NULL,NULL,NULL,NULL,NULL,"2023-04-07 02:00:33"
412,7,413,3,42918,8,10.12,NULL,NULL,NULL,NULL,NULL,"2023-04-07 02:00:33"
413,2,391,3,43412,8,9.10,NULL,NULL,NULL,NULL,NULL,"2023-04-07 02:00:33"
414,100,391,3,43339,8,6.65,NULL,NULL,NULL,NULL,NULL,"2023-04-07 02:00:33"
415,102,391,3,43339,8,5.80,NULL,NULL,NULL,NULL,NULL,"2023-04-07 02:00:33"
416,5,391,3,43340,8,10.20,NULL,NULL,NULL,NULL,NULL,"2023-04-07 02:00:33"
417,11,391,3,43343,8,8.00,NULL,NULL,NULL,NULL,NULL,"2023-04-07 02:00:33"
418,5,413,3,43109,8,9.15,NULL,NULL,NULL,NULL,NULL,"2023-04-07 02:00:33"
419,2,413,3,43109,8,9.15,NULL,NULL,NULL,NULL,NULL,"2023-04-07 02:00:33"
420,5,413,3,43402,8,10.50,NULL,NULL,NULL,NULL,NULL,"2023-04-07 02:00:33"
421,5,391,3,43142,8,9.00,NULL,NULL,NULL,NULL,NULL,"2023-04-07 02:00:33"
422,103,394,3,43404,8,4.50,NULL,NULL,NULL,NULL,NULL,"2023-04-07 02:00:33"
423,5,391,3,43417,8,9.76,NULL,NULL,NULL,NULL,NULL,"2023-04-07 02:00:33"
424,102,384,3,43425,8,8.00,NULL,NULL,NULL,NULL,NULL,"2023-04-07 02:00:33"
425,3,391,3,43426,8,10.75,NULL,NULL,NULL,NULL,NULL,"2023-04-07 02:00:33"
426,5,391,3,43550,8,8.54,NULL,NULL,NULL,NULL,NULL,"2023-04-07 02:00:33"
427,9,391,3,43469,8,8.83,NULL,NULL,NULL,NULL,NULL,"2023-04-07 02:00:33"
428,5,400,3,43500,8,9.15,NULL,NULL,NULL,NULL,NULL,"2023-04-07 02:00:33"
429,100,394,3,43774,8,4.50,NULL,NULL,NULL,NULL,NULL,"2023-04-07 02:00:33"
430,2,394,3,43743,8,5.40,NULL,NULL,NULL,NULL,NULL,"2023-04-07 02:00:33"
431,102,391,3,43599,8,5.76,NULL,NULL,NULL,NULL,NULL,"2023-04-07 02:00:33"
432,2,383,3,43601,8,15.00,NULL,NULL,NULL,NULL,NULL,"2023-04-07 02:00:33"
433,11,394,3,43605,8,5.40,NULL,NULL,NULL,NULL,NULL,"2023-04-07 02:00:33"
434,2,391,3,43600,8,9.30,NULL,NULL,NULL,NULL,NULL,"2023-04-07 02:00:33"
435,2,400,3,43600,8,9.15,NULL,NULL,NULL,NULL,NULL,"2023-04-07 02:00:33"
436,11,391,3,43600,8,9.65,NULL,NULL,NULL,NULL,NULL,"2023-04-07 02:00:33"
437,11,383,3,43600,8,15.00,NULL,NULL,NULL,NULL,NULL,"2023-04-07 02:00:33"
438,11,400,3,43600,8,9.15,NULL,NULL,NULL,NULL,NULL,"2023-04-07 02:00:33"
439,11,394,3,43600,8,5.60,NULL,NULL,NULL,NULL,NULL,"2023-04-07 02:00:33"
440,102,391,3,43600,8,6.00,NULL,NULL,NULL,NULL,NULL,"2023-04-07 02:00:33"
441,102,403,3,43600,8,3.65,NULL,NULL,NULL,NULL,NULL,"2023-04-07 02:00:33"
442,102,383,3,43600,8,13.00,NULL,NULL,NULL,NULL,NULL,"2023-04-07 02:00:33"
443,2,394,3,43615,8,5.60,NULL,NULL,NULL,NULL,NULL,"2023-04-07 02:00:33"
444,2,391,3,43615,8,8.96,NULL,NULL,NULL,NULL,NULL,"2023-04-07 02:00:33"
445,11,403,3,43615,8,4.79,NULL,NULL,NULL,NULL,NULL,"2023-04-07 02:00:33"
446,11,394,3,43615,8,5.60,NULL,NULL,NULL,NULL,NULL,"2023-04-07 02:00:33"
447,11,400,3,43615,8,9.15,NULL,NULL,NULL,NULL,NULL,"2023-04-07 02:00:33"
448,102,400,3,43744,8,7.50,NULL,NULL,NULL,NULL,NULL,"2023-04-07 02:00:33"
449,102,391,3,43662,8,6.03,NULL,NULL,NULL,NULL,NULL,"2023-04-07 02:00:33"
450,9,400,3,43663,8,9.15,NULL,NULL,NULL,NULL,NULL,"2023-04-07 02:00:33"
451,9,383,3,43663,8,60.00,NULL,NULL,NULL,NULL,NULL,"2023-04-07 02:00:33"
452,9,383,3,43668,8,60.00,NULL,NULL,NULL,NULL,NULL,"2023-04-07 02:00:33"
453,6,400,3,43668,8,9.15,NULL,NULL,NULL,NULL,NULL,"2023-04-07 02:00:33"
454,2,403,3,43677,8,5.65,NULL,NULL,NULL,NULL,NULL,"2023-04-07 02:00:33"
455,2,391,3,43677,8,8.95,NULL,NULL,NULL,NULL,NULL,"2023-04-07 02:00:33"
456,2,400,3,43677,8,9.10,NULL,NULL,NULL,NULL,NULL,"2023-04-07 02:00:33"
457,3,400,3,43473,8,9.15,NULL,NULL,NULL,NULL,NULL,"2023-04-07 02:00:33"
458,2,403,3,43600,8,5.65,NULL,NULL,NULL,NULL,NULL,"2023-04-07 02:00:33"
459,11,403,3,43600,8,5.65,NULL,NULL,NULL,NULL,NULL,"2023-04-07 02:00:33"
460,102,400,3,43600,8,7.50,NULL,NULL,NULL,NULL,NULL,"2023-04-07 02:00:33"
461,5,400,3,43603,8,9.15,NULL,NULL,NULL,NULL,NULL,"2023-04-07 02:00:33"
462,2,403,3,43615,8,4.99,NULL,NULL,NULL,NULL,NULL,"2023-04-07 02:00:33"
463,11,391,3,43615,8,9.33,NULL,NULL,NULL,NULL,NULL,"2023-04-07 02:00:33"
464,102,391,3,43744,8,6.00,NULL,NULL,NULL,NULL,NULL,"2023-04-07 02:00:33"
465,102,400,3,43592,8,7.50,NULL,NULL,NULL,NULL,NULL,"2023-04-07 02:00:33"
466,9,383,3,43745,8,60.00,NULL,NULL,NULL,NULL,NULL,"2023-04-07 02:00:33"
467,102,400,3,43662,8,7.50,NULL,NULL,NULL,NULL,NULL,"2023-04-07 02:00:33"
468,9,391,3,43663,8,9.71,NULL,NULL,NULL,NULL,NULL,"2023-04-07 02:00:33"
469,9,391,3,43668,8,9.72,NULL,NULL,NULL,NULL,NULL,"2023-04-07 02:00:33"
470,6,391,3,43668,8,9.50,NULL,NULL,NULL,NULL,NULL,"2023-04-07 02:00:33"
471,2,394,3,43677,8,5.60,NULL,NULL,NULL,NULL,NULL,"2023-04-07 02:00:33"
472,3,403,3,43473,8,5.60,NULL,NULL,NULL,NULL,NULL,"2023-04-07 02:00:33"
473,102,384,3,43700,8,8.00,NULL,NULL,NULL,NULL,NULL,"2023-04-07 02:00:33"
474,93,399,3,43843,8,420.00,NULL,NULL,NULL,NULL,NULL,"2023-04-07 02:00:33"
475,5,400,3,43858,8,9.15,NULL,NULL,NULL,NULL,NULL,"2023-04-07 02:00:33"
476,3,403,3,43858,8,4.55,NULL,NULL,NULL,NULL,NULL,"2023-04-07 02:00:33"
477,11,394,3,42422,8,4.80,NULL,NULL,NULL,NULL,NULL,"2023-04-07 02:00:33"
478,8,405,3,42422,8,9.75,NULL,NULL,NULL,NULL,NULL,"2023-04-07 02:00:33"
479,8,384,3,42422,8,10.00,NULL,NULL,NULL,NULL,NULL,"2023-04-07 02:00:33"
480,8,394,3,42422,8,5.50,NULL,NULL,NULL,NULL,NULL,"2023-04-07 02:00:33"
481,10,391,3,42422,8,8.25,NULL,NULL,NULL,NULL,NULL,"2023-04-07 02:00:33"
482,2,413,3,42422,8,9.00,NULL,NULL,NULL,NULL,NULL,"2023-04-07 02:00:33"
483,2,383,3,42422,8,16.50,NULL,NULL,NULL,NULL,NULL,"2023-04-07 02:00:33"
484,2,405,3,42422,8,9.75,NULL,NULL,NULL,NULL,NULL,"2023-04-07 02:00:33"
485,2,391,3,42422,8,11.82,NULL,NULL,NULL,NULL,NULL,"2023-04-07 02:00:33"
486,2,384,3,42422,8,5.95,NULL,NULL,NULL,NULL,NULL,"2023-04-07 02:00:33"
487,2,413,3,42432,8,9.15,NULL,NULL,NULL,NULL,NULL,"2023-04-07 02:00:33"
488,2,448,3,42432,8,13.97,NULL,NULL,NULL,NULL,NULL,"2023-04-07 02:00:33"
489,2,405,3,42432,8,8.90,NULL,NULL,NULL,NULL,NULL,"2023-04-07 02:00:33"
490,2,394,3,42432,8,5.40,NULL,NULL,NULL,NULL,NULL,"2023-04-07 02:00:33"
491,2,395,3,42432,8,5.10,NULL,NULL,NULL,NULL,NULL,"2023-04-07 02:00:33"
492,11,391,3,42554,8,8.00,NULL,NULL,NULL,NULL,NULL,"2023-04-07 02:00:33"
493,11,394,3,42554,8,5.40,NULL,NULL,NULL,NULL,NULL,"2023-04-07 02:00:33"
494,11,405,3,42554,8,8.75,NULL,NULL,NULL,NULL,NULL,"2023-04-07 02:00:33"
495,3,383,3,42585,8,13.39,NULL,NULL,NULL,NULL,NULL,"2023-04-07 02:00:33"
496,3,413,3,42585,8,8.16,NULL,NULL,NULL,NULL,NULL,"2023-04-07 02:00:33"
497,3,391,3,42585,8,9.62,NULL,NULL,NULL,NULL,NULL,"2023-04-07 02:00:33"
498,3,394,3,42585,8,5.71,NULL,NULL,NULL,NULL,NULL,"2023-04-07 02:00:33"
499,2,383,3,42585,8,14.73,NULL,NULL,NULL,NULL,NULL,"2023-04-07 02:00:33"
500,2,391,3,42585,8,11.33,NULL,NULL,NULL,NULL,NULL,"2023-04-07 02:00:33"
501,2,394,3,42585,8,5.71,NULL,NULL,NULL,NULL,NULL,"2023-04-07 02:00:33"
502,2,413,3,42585,8,8.16,NULL,NULL,NULL,NULL,NULL,"2023-04-07 02:00:33"
503,2,395,3,42585,8,5.36,NULL,NULL,NULL,NULL,NULL,"2023-04-07 02:00:33"
504,5,413,3,42585,8,8.16,NULL,NULL,NULL,NULL,NULL,"2023-04-07 02:00:33"
505,5,384,3,42585,8,8.93,NULL,NULL,NULL,NULL,NULL,"2023-04-07 02:00:33"
506,5,394,3,42585,8,5.71,NULL,NULL,NULL,NULL,NULL,"2023-04-07 02:00:33"
507,5,391,3,42585,8,8.63,NULL,NULL,NULL,NULL,NULL,"2023-04-07 02:00:33"
508,2,413,3,42446,8,9.15,NULL,NULL,NULL,NULL,NULL,"2023-04-07 02:00:33"
509,2,391,3,42446,8,13.52,NULL,NULL,NULL,NULL,NULL,"2023-04-07 02:00:33"
510,2,395,3,42446,8,5.48,NULL,NULL,NULL,NULL,NULL,"2023-04-07 02:00:33"
511,2,384,3,42446,8,5.00,NULL,NULL,NULL,NULL,NULL,"2023-04-07 02:00:33"
512,5,383,3,42585,8,14.35,NULL,NULL,NULL,NULL,NULL,"2023-04-07 02:00:33"
513,5,413,3,42585,8,9.15,NULL,NULL,NULL,NULL,NULL,"2023-04-07 02:00:33"
514,5,391,3,42585,8,9.66,NULL,NULL,NULL,NULL,NULL,"2023-04-07 02:00:33"
515,11,394,3,42585,8,5.80,NULL,NULL,NULL,NULL,NULL,"2023-04-07 02:00:33"
516,11,391,3,42585,8,8.25,NULL,NULL,NULL,NULL,NULL,"2023-04-07 02:00:33"
517,11,383,3,42585,8,13.45,NULL,NULL,NULL,NULL,NULL,"2023-04-07 02:00:33"
518,11,405,3,42585,8,8.00,NULL,NULL,NULL,NULL,NULL,"2023-04-07 02:00:33"
519,103,383,3,42443,8,8.26,NULL,NULL,NULL,NULL,NULL,"2023-04-07 02:00:33"
520,99,384,3,42443,8,5.36,NULL,NULL,NULL,NULL,NULL,"2023-04-07 02:00:33"
521,99,391,3,42443,8,6.66,NULL,NULL,NULL,NULL,NULL,"2023-04-07 02:00:33"
522,99,383,3,42443,8,11.16,NULL,NULL,NULL,NULL,NULL,"2023-04-07 02:00:33"
523,100,384,3,42443,8,6.25,NULL,NULL,NULL,NULL,NULL,"2023-04-07 02:00:33"
524,100,413,3,42443,8,6.70,NULL,NULL,NULL,NULL,NULL,"2023-04-07 02:00:33"
525,11,413,3,42786,8,9.15,NULL,NULL,NULL,NULL,NULL,"2023-04-07 02:00:33"
526,11,391,3,42807,8,7.20,NULL,NULL,NULL,NULL,NULL,"2023-04-07 02:00:33"
527,100,394,3,42807,8,4.90,NULL,NULL,NULL,NULL,NULL,"2023-04-07 02:00:33"
528,100,391,3,42807,8,5.94,NULL,NULL,NULL,NULL,NULL,"2023-04-07 02:00:33"
529,100,384,3,42807,8,7.00,NULL,NULL,NULL,NULL,NULL,"2023-04-07 02:00:33"
530,11,391,3,42809,8,9.36,NULL,NULL,NULL,NULL,NULL,"2023-04-07 02:00:33"
531,11,413,3,42809,8,9.15,NULL,NULL,NULL,NULL,NULL,"2023-04-07 02:00:33"
532,11,403,3,42809,8,5.35,NULL,NULL,NULL,NULL,NULL,"2023-04-07 02:00:33"
533,2,384,3,42818,8,12.00,NULL,NULL,NULL,NULL,NULL,"2023-04-07 02:00:33"
534,2,391,3,42818,8,10.01,NULL,NULL,NULL,NULL,NULL,"2023-04-07 02:00:33"
535,2,394,3,42818,8,6.40,NULL,NULL,NULL,NULL,NULL,"2023-04-07 02:00:33"
536,5,391,3,42892,8,9.85,NULL,NULL,NULL,NULL,NULL,"2023-04-07 02:00:33"
537,7,413,3,43498,8,8.40,NULL,NULL,NULL,NULL,NULL,"2023-04-07 02:00:33"
538,7,394,3,43498,8,5.60,NULL,NULL,NULL,NULL,NULL,"2023-04-07 02:00:33"
539,98,413,3,43498,8,7.00,NULL,NULL,NULL,NULL,NULL,"2023-04-07 02:00:33"
540,98,394,3,43498,8,4.50,NULL,NULL,NULL,NULL,NULL,"2023-04-07 02:00:33"
541,98,384,3,43498,8,7.00,NULL,NULL,NULL,NULL,NULL,"2023-04-07 02:00:33"
542,103,394,3,43498,8,4.50,NULL,NULL,NULL,NULL,NULL,"2023-04-07 02:00:33"
543,102,394,3,43557,8,4.80,NULL,NULL,NULL,NULL,NULL,"2023-04-07 02:00:33"
544,102,413,3,43557,8,5.50,NULL,NULL,NULL,NULL,NULL,"2023-04-07 02:00:33"
545,102,384,3,43557,8,8.00,NULL,NULL,NULL,NULL,NULL,"2023-04-07 02:00:33"
546,102,403,3,43557,8,3.65,NULL,NULL,NULL,NULL,NULL,"2023-04-07 02:00:33"
547,102,413,3,43117,8,7.50,NULL,NULL,NULL,NULL,NULL,"2023-04-07 02:00:33"
548,100,394,3,43117,8,5.90,NULL,NULL,NULL,NULL,NULL,"2023-04-07 02:00:33"
549,2,395,3,43117,8,11.00,NULL,NULL,NULL,NULL,NULL,"2023-04-07 02:00:33"
550,8,391,3,42422,8,11.49,NULL,NULL,NULL,NULL,NULL,"2023-04-07 02:00:33"
551,10,413,3,42422,8,9.15,NULL,NULL,NULL,NULL,NULL,"2023-04-07 02:00:33"
552,2,395,3,42422,8,3.64,NULL,NULL,NULL,NULL,NULL,"2023-04-07 02:00:33"
553,2,384,3,42432,8,7.00,NULL,NULL,NULL,NULL,NULL,"2023-04-07 02:00:33"
554,2,413,3,43117,8,9.15,NULL,NULL,NULL,NULL,NULL,"2023-04-07 02:00:33"
555,11,413,3,42554,8,9.15,NULL,NULL,NULL,NULL,NULL,"2023-04-07 02:00:33"
556,3,395,3,42585,8,5.36,NULL,NULL,NULL,NULL,NULL,"2023-04-07 02:00:33"
557,2,384,3,42585,8,8.93,NULL,NULL,NULL,NULL,NULL,"2023-04-07 02:00:33"
558,5,383,3,42585,8,12.77,NULL,NULL,NULL,NULL,NULL,"2023-04-07 02:00:33"
559,5,405,3,42585,8,8.00,NULL,NULL,NULL,NULL,NULL,"2023-04-07 02:00:33"
560,11,413,3,42585,8,9.15,NULL,NULL,NULL,NULL,NULL,"2023-04-07 02:00:33"
561,11,394,3,42646,8,5.00,NULL,NULL,NULL,NULL,NULL,"2023-04-07 02:00:33"
562,103,413,3,42443,8,6.25,NULL,NULL,NULL,NULL,NULL,"2023-04-07 02:00:33"
563,99,413,3,42443,8,7.14,NULL,NULL,NULL,NULL,NULL,"2023-04-07 02:00:33"
564,100,383,3,42443,8,16.07,NULL,NULL,NULL,NULL,NULL,"2023-04-07 02:00:33"
565,11,391,3,42786,8,7.86,NULL,NULL,NULL,NULL,NULL,"2023-04-07 02:00:33"
566,11,413,3,42807,8,9.15,NULL,NULL,NULL,NULL,NULL,"2023-04-07 02:00:33"
567,100,413,3,42807,8,5.90,NULL,NULL,NULL,NULL,NULL,"2023-04-07 02:00:33"
568,11,405,3,42809,8,6.90,NULL,NULL,NULL,NULL,NULL,"2023-04-07 02:00:33"
569,5,413,3,42892,8,9.15,NULL,NULL,NULL,NULL,NULL,"2023-04-07 02:00:33"
570,91,399,3,43496,8,435.00,NULL,NULL,NULL,NULL,NULL,"2023-04-07 02:00:33"
571,7,391,3,43498,8,8.92,NULL,NULL,NULL,NULL,NULL,"2023-04-07 02:00:33"
572,7,383,3,43498,8,55.00,NULL,NULL,NULL,NULL,NULL,"2023-04-07 02:00:33"
573,98,391,3,43498,8,6.18,NULL,NULL,NULL,NULL,NULL,"2023-04-07 02:00:33"
574,103,391,3,43498,8,5.78,NULL,NULL,NULL,NULL,NULL,"2023-04-07 02:00:33"
575,102,391,3,43557,8,6.41,NULL,NULL,NULL,NULL,NULL,"2023-04-07 02:00:33"
576,5,413,3,43679,8,10.50,NULL,NULL,NULL,NULL,NULL,"2023-04-07 02:00:33"
577,7,413,3,43679,8,9.15,NULL,NULL,NULL,NULL,NULL,"2023-04-07 02:00:33"
578,3,383,3,43509,8,15.00,NULL,NULL,NULL,NULL,NULL,"2023-04-07 02:00:33"
579,103,391,3,43510,8,7.50,NULL,NULL,NULL,NULL,NULL,"2023-04-07 02:00:33"
580,11,391,3,43571,8,9.67,NULL,NULL,NULL,NULL,NULL,"2023-04-07 02:00:33"
581,100,384,3,43581,8,8.00,NULL,NULL,NULL,NULL,NULL,"2023-04-07 02:00:33"
582,7,391,3,43581,8,9.06,NULL,NULL,NULL,NULL,NULL,"2023-04-07 02:00:33"
583,5,382,3,43124,8,13.00,NULL,NULL,NULL,NULL,NULL,"2023-04-07 02:00:33"
584,5,391,3,43124,8,11.29,NULL,NULL,NULL,NULL,NULL,"2023-04-07 02:00:33"
585,103,382,3,43126,8,7.00,NULL,NULL,NULL,NULL,NULL,"2023-04-07 02:00:33"
586,103,391,3,43126,8,6.12,NULL,NULL,NULL,NULL,NULL,"2023-04-07 02:00:33"
587,103,403,3,43129,8,3.60,NULL,NULL,NULL,NULL,NULL,"2023-04-07 02:00:33"
588,103,394,3,43129,8,5.40,NULL,NULL,NULL,NULL,NULL,"2023-04-07 02:00:33"
589,103,413,3,43129,8,6.80,NULL,NULL,NULL,NULL,NULL,"2023-04-07 02:00:33"
590,103,391,3,43129,8,7.75,NULL,NULL,NULL,NULL,NULL,"2023-04-07 02:00:33"
591,99,391,3,43133,8,8.39,NULL,NULL,NULL,NULL,NULL,"2023-04-07 02:00:33"
592,98,394,3,43133,8,7.40,NULL,NULL,NULL,NULL,NULL,"2023-04-07 02:00:33"
593,98,391,3,43133,8,6.26,NULL,NULL,NULL,NULL,NULL,"2023-04-07 02:00:33"
594,9,382,3,43159,8,16.90,NULL,NULL,NULL,NULL,NULL,"2023-04-07 02:00:33"
595,9,391,3,43159,8,9.02,NULL,NULL,NULL,NULL,NULL,"2023-04-07 02:00:33"
596,7,391,3,43159,8,10.66,NULL,NULL,NULL,NULL,NULL,"2023-04-07 02:00:33"
597,7,413,3,43159,8,9.15,NULL,NULL,NULL,NULL,NULL,"2023-04-07 02:00:33"
598,7,394,3,43159,8,6.50,NULL,NULL,NULL,NULL,NULL,"2023-04-07 02:00:33"
599,5,394,3,43159,8,6.50,NULL,NULL,NULL,NULL,NULL,"2023-04-07 02:00:33"
600,7,391,3,43158,8,7.85,NULL,NULL,NULL,NULL,NULL,"2023-04-07 02:00:33"
601,100,394,3,43158,8,4.50,NULL,NULL,NULL,NULL,NULL,"2023-04-07 02:00:33"
602,100,391,3,43158,8,7.00,NULL,NULL,NULL,NULL,NULL,"2023-04-07 02:00:33"
603,49,391,3,43134,8,538.56,NULL,NULL,NULL,NULL,NULL,"2023-04-07 02:00:33"
604,49,413,3,43134,8,329.40,NULL,NULL,NULL,NULL,NULL,"2023-04-07 02:00:33"
605,7,391,3,43134,8,8.42,NULL,NULL,NULL,NULL,NULL,"2023-04-07 02:00:33"
606,7,413,3,43134,8,9.15,NULL,NULL,NULL,NULL,NULL,"2023-04-07 02:00:33"
607,5,383,3,43284,8,15.00,NULL,NULL,NULL,NULL,NULL,"2023-04-07 02:00:33"
608,5,391,3,43284,8,9.60,NULL,NULL,NULL,NULL,NULL,"2023-04-07 02:00:33"
609,5,394,3,43284,8,6.40,NULL,NULL,NULL,NULL,NULL,"2023-04-07 02:00:33"
610,5,395,3,43284,8,13.00,NULL,NULL,NULL,NULL,NULL,"2023-04-07 02:00:33"
611,99,391,3,43178,8,6.98,NULL,NULL,NULL,NULL,NULL,"2023-04-07 02:00:33"
612,5,400,3,43538,8,9.50,NULL,NULL,NULL,NULL,NULL,"2023-04-07 02:00:33"
613,7,391,3,43538,8,8.68,NULL,NULL,NULL,NULL,NULL,"2023-04-07 02:00:33"
614,7,405,3,43538,8,5.00,NULL,NULL,NULL,NULL,NULL,"2023-04-07 02:00:33"
615,2,400,3,43538,8,9.50,NULL,NULL,NULL,NULL,NULL,"2023-04-07 02:00:33"
616,100,391,3,43706,8,6.41,NULL,NULL,NULL,NULL,NULL,"2023-04-07 02:00:33"
617,100,384,3,43706,8,8.00,NULL,NULL,NULL,NULL,NULL,"2023-04-07 02:00:33"
618,100,394,3,43706,8,4.50,NULL,NULL,NULL,NULL,NULL,"2023-04-07 02:00:33"
619,7,403,3,43706,8,5.65,NULL,NULL,NULL,NULL,NULL,"2023-04-07 02:00:33"
620,7,405,3,43706,8,7.50,NULL,NULL,NULL,NULL,NULL,"2023-04-07 02:00:33"
621,99,400,3,43533,8,7.00,NULL,NULL,NULL,NULL,NULL,"2023-04-07 02:00:33"
622,11,394,3,43625,8,5.40,NULL,NULL,NULL,NULL,NULL,"2023-04-07 02:00:33"
623,11,400,3,43625,8,8.20,NULL,NULL,NULL,NULL,NULL,"2023-04-07 02:00:33"
624,11,403,3,43625,8,5.55,NULL,NULL,NULL,NULL,NULL,"2023-04-07 02:00:33"
625,11,383,3,43625,8,15.00,NULL,NULL,NULL,NULL,NULL,"2023-04-07 02:00:33"
626,2,391,3,43625,8,9.19,NULL,NULL,NULL,NULL,NULL,"2023-04-07 02:00:33"
627,2,394,3,43625,8,5.40,NULL,NULL,NULL,NULL,NULL,"2023-04-07 02:00:33"
628,2,383,3,43625,8,15.00,NULL,NULL,NULL,NULL,NULL,"2023-04-07 02:00:33"
629,2,391,3,43594,8,9.23,NULL,NULL,NULL,NULL,NULL,"2023-04-07 02:00:33"
630,2,400,3,43594,8,9.15,NULL,NULL,NULL,NULL,NULL,"2023-04-07 02:00:33"
631,102,403,3,43594,8,3.65,NULL,NULL,NULL,NULL,NULL,"2023-04-07 02:00:33"
632,102,391,3,43594,8,5.60,NULL,NULL,NULL,NULL,NULL,"2023-04-07 02:00:33"
633,102,394,3,43594,8,3.98,NULL,NULL,NULL,NULL,NULL,"2023-04-07 02:00:33"
634,3,403,3,43594,8,5.30,NULL,NULL,NULL,NULL,NULL,"2023-04-07 02:00:33"
635,3,391,3,43594,8,9.44,NULL,NULL,NULL,NULL,NULL,"2023-04-07 02:00:33"
636,11,391,3,43808,8,9.65,NULL,NULL,NULL,NULL,NULL,"2023-04-07 02:00:33"
637,102,384,3,43726,8,10.00,NULL,NULL,NULL,NULL,NULL,"2023-04-07 02:00:33"
638,102,391,3,43726,8,5.60,NULL,NULL,NULL,NULL,NULL,"2023-04-07 02:00:33"
639,5,405,3,43728,8,7.50,NULL,NULL,NULL,NULL,NULL,"2023-04-07 02:00:33"
640,5,391,3,43728,8,8.35,NULL,NULL,NULL,NULL,NULL,"2023-04-07 02:00:33"
641,2,391,3,43728,8,9.50,NULL,NULL,NULL,NULL,NULL,"2023-04-07 02:00:33"
642,2,405,3,43728,8,7.50,NULL,NULL,NULL,NULL,NULL,"2023-04-07 02:00:33"
643,7,400,3,43728,8,9.15,NULL,NULL,NULL,NULL,NULL,"2023-04-07 02:00:33"
644,7,391,3,43728,8,9.20,NULL,NULL,NULL,NULL,NULL,"2023-04-07 02:00:33"
645,99,400,3,43732,8,7.00,NULL,NULL,NULL,NULL,NULL,"2023-04-07 02:00:33"
646,7,391,3,43738,8,8.85,NULL,NULL,NULL,NULL,NULL,"2023-04-07 02:00:33"
647,7,400,3,43738,8,9.15,NULL,NULL,NULL,NULL,NULL,"2023-04-07 02:00:33"
648,11,400,3,43565,8,9.15,NULL,NULL,NULL,NULL,NULL,"2023-04-07 02:00:33"
649,11,394,3,43565,8,6.20,NULL,NULL,NULL,NULL,NULL,"2023-04-07 02:00:33"
650,11,391,3,43565,8,9.65,NULL,NULL,NULL,NULL,NULL,"2023-04-07 02:00:33"
651,100,400,3,43565,8,7.50,NULL,NULL,NULL,NULL,NULL,"2023-04-07 02:00:33"
652,100,394,3,43565,8,4.80,NULL,NULL,NULL,NULL,NULL,"2023-04-07 02:00:33"
653,100,384,3,43565,8,8.00,NULL,NULL,NULL,NULL,NULL,"2023-04-07 02:00:33"
654,103,394,3,43656,8,5.40,NULL,NULL,NULL,NULL,NULL,"2023-04-07 02:00:33"
655,103,400,3,43656,8,7.50,NULL,NULL,NULL,NULL,NULL,"2023-04-07 02:00:33"
656,2,391,3,43753,8,8.90,NULL,NULL,NULL,NULL,NULL,"2023-04-07 02:00:33"
657,2,383,3,43753,8,13.80,NULL,NULL,NULL,NULL,NULL,"2023-04-07 02:00:33"
658,2,400,3,43753,8,9.15,NULL,NULL,NULL,NULL,NULL,"2023-04-07 02:00:33"
659,99,391,3,43754,8,7.71,NULL,NULL,NULL,NULL,NULL,"2023-04-07 02:00:33"
660,2,391,3,43760,8,9.00,NULL,NULL,NULL,NULL,NULL,"2023-04-07 02:00:33"
661,2,400,3,43760,8,9.00,NULL,NULL,NULL,NULL,NULL,"2023-04-07 02:00:33"
662,102,400,3,43762,8,7.00,NULL,NULL,NULL,NULL,NULL,"2023-04-07 02:00:33"
663,102,384,3,43762,8,8.00,NULL,NULL,NULL,NULL,NULL,"2023-04-07 02:00:33"
664,5,391,3,43538,8,8.32,NULL,NULL,NULL,NULL,NULL,"2023-04-07 02:00:33"
665,7,400,3,43538,8,9.50,NULL,NULL,NULL,NULL,NULL,"2023-04-07 02:00:33"
666,2,391,3,43538,8,9.44,NULL,NULL,NULL,NULL,NULL,"2023-04-07 02:00:33"
667,11,405,3,43539,8,7.50,NULL,NULL,NULL,NULL,NULL,"2023-04-07 02:00:33"
668,3,391,3,43539,8,9.10,NULL,NULL,NULL,NULL,NULL,"2023-04-07 02:00:33"
669,100,400,3,43706,8,7.00,NULL,NULL,NULL,NULL,NULL,"2023-04-07 02:00:33"
670,7,391,3,43706,8,10.45,NULL,NULL,NULL,NULL,NULL,"2023-04-07 02:00:33"
671,99,391,3,43533,8,6.80,NULL,NULL,NULL,NULL,NULL,"2023-04-07 02:00:33"
672,11,391,3,43625,8,9.19,NULL,NULL,NULL,NULL,NULL,"2023-04-07 02:00:33"
673,2,400,3,43625,8,8.50,NULL,NULL,NULL,NULL,NULL,"2023-04-07 02:00:33"
674,2,394,3,43594,8,5.60,NULL,NULL,NULL,NULL,NULL,"2023-04-07 02:00:33"
675,102,400,3,43594,8,7.00,NULL,NULL,NULL,NULL,NULL,"2023-04-07 02:00:33"
676,3,400,3,43594,8,9.15,NULL,NULL,NULL,NULL,NULL,"2023-04-07 02:00:33"
677,7,394,3,42583,8,6.20,NULL,NULL,NULL,NULL,NULL,"2023-04-07 02:00:33"
678,7,382,3,42583,8,10.40,NULL,NULL,NULL,NULL,NULL,"2023-04-07 02:00:33"
679,7,405,3,42583,8,8.15,NULL,NULL,NULL,NULL,NULL,"2023-04-07 02:00:33"
680,7,413,3,42583,8,9.15,NULL,NULL,NULL,NULL,NULL,"2023-04-07 02:00:33"
681,5,382,3,42583,8,10.50,NULL,NULL,NULL,NULL,NULL,"2023-04-07 02:00:33"
682,3,394,3,42583,8,5.60,NULL,NULL,NULL,NULL,NULL,"2023-04-07 02:00:33"
683,3,395,3,42583,8,6.00,NULL,NULL,NULL,NULL,NULL,"2023-04-07 02:00:33"
684,3,413,3,42583,8,9.15,NULL,NULL,NULL,NULL,NULL,"2023-04-07 02:00:33"
685,3,391,3,42583,8,12.24,NULL,NULL,NULL,NULL,NULL,"2023-04-07 02:00:33"
686,2,395,3,42583,8,5.24,NULL,NULL,NULL,NULL,NULL,"2023-04-07 02:00:33"
687,2,413,3,42583,8,7.88,NULL,NULL,NULL,NULL,NULL,"2023-04-07 02:00:33"
688,2,384,3,42583,8,7.50,NULL,NULL,NULL,NULL,NULL,"2023-04-07 02:00:33"
689,14,391,3,42382,8,12.24,NULL,NULL,NULL,NULL,NULL,"2023-04-07 02:00:33"
690,11,394,3,42384,8,6.20,NULL,NULL,NULL,NULL,NULL,"2023-04-07 02:00:33"
691,11,413,3,42384,8,9.15,NULL,NULL,NULL,NULL,NULL,"2023-04-07 02:00:33"
692,2,413,3,42384,8,9.00,NULL,NULL,NULL,NULL,NULL,"2023-04-07 02:00:33"
693,2,403,3,42384,8,4.95,NULL,NULL,NULL,NULL,NULL,"2023-04-07 02:00:33"
694,2,391,3,42384,8,9.68,NULL,NULL,NULL,NULL,NULL,"2023-04-07 02:00:33"
695,2,382,3,42384,8,9.50,NULL,NULL,NULL,NULL,NULL,"2023-04-07 02:00:33"
696,11,391,3,42384,8,9.05,NULL,NULL,NULL,NULL,NULL,"2023-04-07 02:00:33"
697,100,413,3,42388,8,6.50,NULL,NULL,NULL,NULL,NULL,"2023-04-07 02:00:33"
698,100,391,3,42388,8,7.95,NULL,NULL,NULL,NULL,NULL,"2023-04-07 02:00:33"
699,5,382,3,42390,8,9.75,NULL,NULL,NULL,NULL,NULL,"2023-04-07 02:00:33"
700,5,448,3,42390,8,14.38,NULL,NULL,NULL,NULL,NULL,"2023-04-07 02:00:33"
701,5,384,3,42390,8,7.00,NULL,NULL,NULL,NULL,NULL,"2023-04-07 02:00:33"
702,7,394,3,42390,8,6.25,NULL,NULL,NULL,NULL,NULL,"2023-04-07 02:00:33"
703,7,383,3,42390,8,14.50,NULL,NULL,NULL,NULL,NULL,"2023-04-07 02:00:33"
704,11,394,3,42390,8,5.60,NULL,NULL,NULL,NULL,NULL,"2023-04-07 02:00:33"
705,11,448,3,42390,8,12.96,NULL,NULL,NULL,NULL,NULL,"2023-04-07 02:00:33"
706,11,383,3,42390,8,13.45,NULL,NULL,NULL,NULL,NULL,"2023-04-07 02:00:33"
707,11,382,3,42390,8,9.65,NULL,NULL,NULL,NULL,NULL,"2023-04-07 02:00:33"
708,12,394,3,42391,8,5.60,NULL,NULL,NULL,NULL,NULL,"2023-04-07 02:00:33"
709,12,382,3,42391,8,12.39,NULL,NULL,NULL,NULL,NULL,"2023-04-07 02:00:33"
710,14,394,3,42391,8,5.60,NULL,NULL,NULL,NULL,NULL,"2023-04-07 02:00:33"
711,100,391,3,42394,8,7.46,NULL,NULL,NULL,NULL,NULL,"2023-04-07 02:00:33"
712,100,382,3,42394,8,11.00,NULL,NULL,NULL,NULL,NULL,"2023-04-07 02:00:33"
713,103,382,3,42394,8,6.00,NULL,NULL,NULL,NULL,NULL,"2023-04-07 02:00:33"
714,103,384,3,42394,8,6.00,NULL,NULL,NULL,NULL,NULL,"2023-04-07 02:00:33"
715,103,391,3,42394,8,6.65,NULL,NULL,NULL,NULL,NULL,"2023-04-07 02:00:33"
716,7,391,3,42395,8,9.51,NULL,NULL,NULL,NULL,NULL,"2023-04-07 02:00:33"
717,7,384,3,42395,8,5.90,NULL,NULL,NULL,NULL,NULL,"2023-04-07 02:00:33"
718,7,394,3,42395,8,5.90,NULL,NULL,NULL,NULL,NULL,"2023-04-07 02:00:33"
719,11,394,3,42660,8,6.50,NULL,NULL,NULL,NULL,NULL,"2023-04-07 02:00:33"
720,11,391,3,42660,8,11.50,NULL,NULL,NULL,NULL,NULL,"2023-04-07 02:00:33"
721,11,413,3,42660,8,9.50,NULL,NULL,NULL,NULL,NULL,"2023-04-07 02:00:33"
722,11,403,3,42660,8,5.85,NULL,NULL,NULL,NULL,NULL,"2023-04-07 02:00:33"
723,11,394,3,42660,8,5.80,NULL,NULL,NULL,NULL,NULL,"2023-04-07 02:00:33"
724,11,413,3,42660,8,9.15,NULL,NULL,NULL,NULL,NULL,"2023-04-07 02:00:33"
725,102,394,3,43726,8,4.50,NULL,NULL,NULL,NULL,NULL,"2023-04-07 02:00:33"
726,2,391,3,42411,8,9.18,NULL,NULL,NULL,NULL,NULL,"2023-04-07 02:00:33"
727,2,413,3,42411,8,4.00,NULL,NULL,NULL,NULL,NULL,"2023-04-07 02:00:33"
728,2,394,3,42411,8,5.35,NULL,NULL,NULL,NULL,NULL,"2023-04-07 02:00:33"
729,2,382,3,42411,8,9.35,NULL,NULL,NULL,NULL,NULL,"2023-04-07 02:00:33"
730,14,391,3,43728,8,8.40,NULL,NULL,NULL,NULL,NULL,"2023-04-07 02:00:33"
731,5,400,3,43728,8,9.15,NULL,NULL,NULL,NULL,NULL,"2023-04-07 02:00:33"
732,2,400,3,43728,8,9.15,NULL,NULL,NULL,NULL,NULL,"2023-04-07 02:00:33"
733,7,405,3,43728,8,7.50,NULL,NULL,NULL,NULL,NULL,"2023-04-07 02:00:33"
734,91,399,3,43731,8,460.00,NULL,NULL,NULL,NULL,NULL,"2023-04-07 02:00:33"
735,2,383,3,42691,8,14.49,NULL,NULL,NULL,NULL,NULL,"2023-04-07 02:00:33"
736,2,394,3,42691,8,5.70,NULL,NULL,NULL,NULL,NULL,"2023-04-07 02:00:33"
737,2,403,3,42691,8,5.25,NULL,NULL,NULL,NULL,NULL,"2023-04-07 02:00:33"
738,2,413,3,42691,8,4.00,NULL,NULL,NULL,NULL,NULL,"2023-04-07 02:00:33"
739,102,394,3,42691,8,3.80,NULL,NULL,NULL,NULL,NULL,"2023-04-07 02:00:33"
740,2,391,3,42690,8,9.18,NULL,NULL,NULL,NULL,NULL,"2023-04-07 02:00:33"
741,2,382,3,42690,8,9.35,NULL,NULL,NULL,NULL,NULL,"2023-04-07 02:00:33"
742,2,384,3,42690,8,5.00,NULL,NULL,NULL,NULL,NULL,"2023-04-07 02:00:33"
743,2,413,3,42690,8,4.25,NULL,NULL,NULL,NULL,NULL,"2023-04-07 02:00:33"
744,2,394,3,42690,8,5.32,NULL,NULL,NULL,NULL,NULL,"2023-04-07 02:00:33"
745,99,391,3,43732,8,6.40,NULL,NULL,NULL,NULL,NULL,"2023-04-07 02:00:33"
746,7,379,3,43738,8,21.10,NULL,NULL,NULL,NULL,NULL,"2023-04-07 02:00:33"
747,100,391,3,43565,8,6.41,NULL,NULL,NULL,NULL,NULL,"2023-04-07 02:00:33"
748,103,391,3,43656,8,5.40,NULL,NULL,NULL,NULL,NULL,"2023-04-07 02:00:33"
749,2,394,3,43753,8,5.60,NULL,NULL,NULL,NULL,NULL,"2023-04-07 02:00:33"
750,99,400,3,43754,8,7.50,NULL,NULL,NULL,NULL,NULL,"2023-04-07 02:00:33"
751,2,403,3,43760,8,5.60,NULL,NULL,NULL,NULL,NULL,"2023-04-07 02:00:33"
752,2,391,3,42802,8,9.61,NULL,NULL,NULL,NULL,NULL,"2023-04-07 02:00:33"
753,2,395,3,42802,8,13.00,NULL,NULL,NULL,NULL,NULL,"2023-04-07 02:00:33"
754,102,391,3,43762,8,5.80,NULL,NULL,NULL,NULL,NULL,"2023-04-07 02:00:33"
755,14,391,3,43249,8,7.85,NULL,NULL,NULL,NULL,NULL,"2023-04-07 02:00:33"
756,14,394,3,43249,8,6.50,NULL,NULL,NULL,NULL,NULL,"2023-04-07 02:00:33"
757,15,391,3,43249,8,7.85,NULL,NULL,NULL,NULL,NULL,"2023-04-07 02:00:33"
758,5,394,3,43627,8,5.60,NULL,NULL,NULL,NULL,NULL,"2023-04-07 02:00:33"
759,5,391,3,43250,8,11.29,NULL,NULL,NULL,NULL,NULL,"2023-04-07 02:00:33"
760,2,413,3,43250,8,8.70,NULL,NULL,NULL,NULL,NULL,"2023-04-07 02:00:33"
761,5,403,3,43257,8,5.90,NULL,NULL,NULL,NULL,NULL,"2023-04-07 02:00:33"
762,5,391,3,43257,8,8.00,NULL,NULL,NULL,NULL,NULL,"2023-04-07 02:00:33"
763,5,413,3,43257,8,10.00,NULL,NULL,NULL,NULL,NULL,"2023-04-07 02:00:33"
764,5,394,3,43257,8,6.50,NULL,NULL,NULL,NULL,NULL,"2023-04-07 02:00:33"
765,5,413,3,43196,8,9.15,NULL,NULL,NULL,NULL,NULL,"2023-04-07 02:00:33"
766,5,391,3,43196,8,7.30,NULL,NULL,NULL,NULL,NULL,"2023-04-07 02:00:33"
767,11,413,3,43287,8,9.15,NULL,NULL,NULL,NULL,NULL,"2023-04-07 02:00:33"
768,3,391,3,43318,8,12.80,NULL,NULL,NULL,NULL,NULL,"2023-04-07 02:00:33"
769,7,391,3,43318,8,12.40,NULL,NULL,NULL,NULL,NULL,"2023-04-07 02:00:33"
770,11,391,3,43266,8,8.02,NULL,NULL,NULL,NULL,NULL,"2023-04-07 02:00:33"
771,11,394,3,43266,8,6.50,NULL,NULL,NULL,NULL,NULL,"2023-04-07 02:00:33"
772,2,391,3,43266,8,8.75,NULL,NULL,NULL,NULL,NULL,"2023-04-07 02:00:33"
773,2,413,3,43266,8,9.50,NULL,NULL,NULL,NULL,NULL,"2023-04-07 02:00:33"
774,99,391,3,43280,8,9.00,NULL,NULL,NULL,NULL,NULL,"2023-04-07 02:00:33"
775,99,413,3,43280,8,7.50,NULL,NULL,NULL,NULL,NULL,"2023-04-07 02:00:33"
776,99,383,3,43255,8,11.00,NULL,NULL,NULL,NULL,NULL,"2023-04-07 02:00:33"
777,99,413,3,43255,8,7.00,NULL,NULL,NULL,NULL,NULL,"2023-04-07 02:00:33"
778,100,413,3,43270,8,6.50,NULL,NULL,NULL,NULL,NULL,"2023-04-07 02:00:33"
779,100,394,3,43270,8,4.50,NULL,NULL,NULL,NULL,NULL,"2023-04-07 02:00:33"
780,11,391,3,43427,8,10.10,NULL,NULL,NULL,NULL,NULL,"2023-04-07 02:00:33"
781,11,400,3,43427,8,9.15,NULL,NULL,NULL,NULL,NULL,"2023-04-07 02:00:33"
782,2,394,3,43427,8,5.60,NULL,NULL,NULL,NULL,NULL,"2023-04-07 02:00:33"
783,3,391,3,43438,8,16.84,NULL,NULL,NULL,NULL,NULL,"2023-04-07 02:00:33"
784,100,413,3,43204,8,7.00,NULL,NULL,NULL,NULL,NULL,"2023-04-07 02:00:33"
785,100,391,3,43204,8,7.45,NULL,NULL,NULL,NULL,NULL,"2023-04-07 02:00:33"
786,13,413,3,42557,8,9.00,NULL,NULL,NULL,NULL,NULL,"2023-04-07 02:00:33"
787,13,391,3,42557,8,8.30,NULL,NULL,NULL,NULL,NULL,"2023-04-07 02:00:33"
788,13,405,3,42557,8,8.90,NULL,NULL,NULL,NULL,NULL,"2023-04-07 02:00:33"
789,7,391,3,42583,8,12.05,NULL,NULL,NULL,NULL,NULL,"2023-04-07 02:00:33"
790,5,413,3,42583,8,9.15,NULL,NULL,NULL,NULL,NULL,"2023-04-07 02:00:33"
791,3,382,3,42583,8,10.50,NULL,NULL,NULL,NULL,NULL,"2023-04-07 02:00:33"
792,2,382,3,42583,8,9.75,NULL,NULL,NULL,NULL,NULL,"2023-04-07 02:00:33"
793,14,413,3,42382,8,9.20,NULL,NULL,NULL,NULL,NULL,"2023-04-07 02:00:33"
794,2,403,3,43317,8,5.90,NULL,NULL,NULL,NULL,NULL,"2023-04-07 02:00:33"
795,2,391,3,43317,8,10.55,NULL,NULL,NULL,NULL,NULL,"2023-04-07 02:00:33"
796,5,403,3,43317,8,5.90,NULL,NULL,NULL,NULL,NULL,"2023-04-07 02:00:33"
797,5,383,3,43317,8,12.90,NULL,NULL,NULL,NULL,NULL,"2023-04-07 02:00:33"
798,106,413,3,42535,8,8.00,NULL,NULL,NULL,NULL,NULL,"2023-04-07 02:00:33"
799,11,382,3,42384,8,11.70,NULL,NULL,NULL,NULL,NULL,"2023-04-07 02:00:33"
800,2,395,3,42384,8,5.04,NULL,NULL,NULL,NULL,NULL,"2023-04-07 02:00:33"
801,11,413,3,42384,8,8.40,NULL,NULL,NULL,NULL,NULL,"2023-04-07 02:00:33"
802,100,394,3,42388,8,2.40,NULL,NULL,NULL,NULL,NULL,"2023-04-07 02:00:33"
803,11,391,3,43409,8,11.29,NULL,NULL,NULL,NULL,NULL,"2023-04-07 02:00:33"
804,100,394,3,43409,8,4.50,NULL,NULL,NULL,NULL,NULL,"2023-04-07 02:00:33"
805,5,383,3,42390,8,14.35,NULL,NULL,NULL,NULL,NULL,"2023-04-07 02:00:33"
806,100,391,3,43409,8,5.56,NULL,NULL,NULL,NULL,NULL,"2023-04-07 02:00:33"
807,7,382,3,42390,8,9.65,NULL,NULL,NULL,NULL,NULL,"2023-04-07 02:00:33"
808,11,384,3,42390,8,7.00,NULL,NULL,NULL,NULL,NULL,"2023-04-07 02:00:33"
809,12,384,3,42391,8,10.00,NULL,NULL,NULL,NULL,NULL,"2023-04-07 02:00:33"
810,14,382,3,42391,8,11.69,NULL,NULL,NULL,NULL,NULL,"2023-04-07 02:00:33"
811,100,413,3,42394,8,7.00,NULL,NULL,NULL,NULL,NULL,"2023-04-07 02:00:33"
812,7,413,3,43236,8,9.15,NULL,NULL,NULL,NULL,NULL,"2023-04-07 02:00:33"
813,103,413,3,42394,8,7.00,NULL,NULL,NULL,NULL,NULL,"2023-04-07 02:00:33"
814,13,413,3,43236,8,8.38,NULL,NULL,NULL,NULL,NULL,"2023-04-07 02:00:33"
815,7,413,3,42395,8,9.00,NULL,NULL,NULL,NULL,NULL,"2023-04-07 02:00:33"
816,5,413,3,43237,8,9.15,NULL,NULL,NULL,NULL,NULL,"2023-04-07 02:00:33"
817,5,382,3,43237,8,12.00,NULL,NULL,NULL,NULL,NULL,"2023-04-07 02:00:33"
818,2,382,3,43237,8,12.00,NULL,NULL,NULL,NULL,NULL,"2023-04-07 02:00:33"
819,2,413,3,43237,8,9.15,NULL,NULL,NULL,NULL,NULL,"2023-04-07 02:00:33"
820,102,403,3,43237,8,3.60,NULL,NULL,NULL,NULL,NULL,"2023-04-07 02:00:33"
821,102,382,3,43237,8,7.00,NULL,NULL,NULL,NULL,NULL,"2023-04-07 02:00:33"
822,102,413,3,43237,8,7.00,NULL,NULL,NULL,NULL,NULL,"2023-04-07 02:00:33"
823,103,391,3,43238,8,6.66,NULL,NULL,NULL,NULL,NULL,"2023-04-07 02:00:33"
824,103,413,3,43238,8,8.00,NULL,NULL,NULL,NULL,NULL,"2023-04-07 02:00:33"
825,103,403,3,43238,8,3.65,NULL,NULL,NULL,NULL,NULL,"2023-04-07 02:00:33"
826,100,391,3,43241,8,6.85,NULL,NULL,NULL,NULL,NULL,"2023-04-07 02:00:33"
827,11,394,3,42543,8,5.30,NULL,NULL,NULL,NULL,NULL,"2023-04-07 02:00:33"
828,11,391,3,42543,8,8.88,NULL,NULL,NULL,NULL,NULL,"2023-04-07 02:00:33"
829,103,391,3,42656,8,8.21,NULL,NULL,NULL,NULL,NULL,"2023-04-07 02:00:33"
830,11,391,3,42660,8,11.44,NULL,NULL,NULL,NULL,NULL,"2023-04-07 02:00:33"
831,103,383,3,42626,8,8.26,NULL,NULL,NULL,NULL,NULL,"2023-04-07 02:00:33"
832,103,391,3,42626,8,5.95,NULL,NULL,NULL,NULL,NULL,"2023-04-07 02:00:33"
833,2,384,3,42411,8,5.00,NULL,NULL,NULL,NULL,NULL,"2023-04-07 02:00:33"
834,11,391,3,43249,8,8.31,NULL,NULL,NULL,NULL,NULL,"2023-04-07 02:00:33"
835,11,394,3,43249,8,5.80,NULL,NULL,NULL,NULL,NULL,"2023-04-07 02:00:33"
836,2,413,3,43249,8,10.00,NULL,NULL,NULL,NULL,NULL,"2023-04-07 02:00:33"
837,2,391,3,43249,8,8.76,NULL,NULL,NULL,NULL,NULL,"2023-04-07 02:00:33"
838,2,382,3,43249,8,9.90,NULL,NULL,NULL,NULL,NULL,"2023-04-07 02:00:33"
839,2,384,3,42691,8,5.00,NULL,NULL,NULL,NULL,NULL,"2023-04-07 02:00:33"
840,102,413,3,42691,8,7.00,NULL,NULL,NULL,NULL,NULL,"2023-04-07 02:00:33"
841,2,383,3,42690,8,14.46,NULL,NULL,NULL,NULL,NULL,"2023-04-07 02:00:33"
842,16,413,3,43249,8,10.00,NULL,NULL,NULL,NULL,NULL,"2023-04-07 02:00:33"
843,12,413,3,43249,8,9.15,NULL,NULL,NULL,NULL,NULL,"2023-04-07 02:00:33"
844,12,394,3,43249,8,6.50,NULL,NULL,NULL,NULL,NULL,"2023-04-07 02:00:33"
845,5,413,3,43515,8,8.90,NULL,NULL,NULL,NULL,NULL,"2023-04-07 02:00:33"
846,2,391,3,43521,8,7.54,NULL,NULL,NULL,NULL,NULL,"2023-04-07 02:00:33"
847,2,394,3,43521,8,5.40,NULL,NULL,NULL,NULL,NULL,"2023-04-07 02:00:33"
848,2,413,3,42802,8,9.15,NULL,NULL,NULL,NULL,NULL,"2023-04-07 02:00:33"
849,11,400,3,43521,8,9.05,NULL,NULL,NULL,NULL,NULL,"2023-04-07 02:00:33"
850,11,403,3,43521,8,4.78,NULL,NULL,NULL,NULL,NULL,"2023-04-07 02:00:33"
851,11,394,3,43521,8,5.40,NULL,NULL,NULL,NULL,NULL,"2023-04-07 02:00:33"
852,5,394,3,42412,8,6.24,NULL,NULL,NULL,NULL,NULL,"2023-04-07 02:00:33"
853,5,413,3,43250,8,8.85,NULL,NULL,NULL,NULL,NULL,"2023-04-07 02:00:33"
854,2,391,3,43250,8,12.81,NULL,NULL,NULL,NULL,NULL,"2023-04-07 02:00:33"
855,5,382,3,43257,8,10.50,NULL,NULL,NULL,NULL,NULL,"2023-04-07 02:00:33"
856,5,394,3,43196,8,5.60,NULL,NULL,NULL,NULL,NULL,"2023-04-07 02:00:33"
857,5,413,3,43196,8,12.00,NULL,NULL,NULL,NULL,NULL,"2023-04-07 02:00:33"
858,5,394,3,43515,8,5.60,NULL,NULL,NULL,NULL,NULL,"2023-04-07 02:00:33"
859,5,391,3,43515,8,8.02,NULL,NULL,NULL,NULL,NULL,"2023-04-07 02:00:33"
860,3,413,3,43318,8,9.15,NULL,NULL,NULL,NULL,NULL,"2023-04-07 02:00:33"
861,7,413,3,43318,8,9.15,NULL,NULL,NULL,NULL,NULL,"2023-04-07 02:00:33"
862,2,391,3,42979,8,15.21,NULL,NULL,NULL,NULL,NULL,"2023-04-07 02:00:33"
863,2,382,3,42979,8,10.50,NULL,NULL,NULL,NULL,NULL,"2023-04-07 02:00:33"
864,2,394,3,42979,8,5.75,NULL,NULL,NULL,NULL,NULL,"2023-04-07 02:00:33"
865,3,391,3,42979,8,12.92,NULL,NULL,NULL,NULL,NULL,"2023-04-07 02:00:33"
866,3,383,3,42979,8,16.00,NULL,NULL,NULL,NULL,NULL,"2023-04-07 02:00:33"
867,11,413,3,43266,8,9.15,NULL,NULL,NULL,NULL,NULL,"2023-04-07 02:00:33"
868,2,394,3,43266,8,6.50,NULL,NULL,NULL,NULL,NULL,"2023-04-07 02:00:33"
869,99,384,3,43280,8,7.00,NULL,NULL,NULL,NULL,NULL,"2023-04-07 02:00:33"
870,9,391,3,42979,8,12.55,NULL,NULL,NULL,NULL,NULL,"2023-04-07 02:00:33"
871,99,384,3,42979,8,7.00,NULL,NULL,NULL,NULL,NULL,"2023-04-07 02:00:33"
872,99,394,3,42979,8,3.90,NULL,NULL,NULL,NULL,NULL,"2023-04-07 02:00:33"
873,99,391,3,42979,8,8.95,NULL,NULL,NULL,NULL,NULL,"2023-04-07 02:00:33"
874,99,383,3,42979,8,12.75,NULL,NULL,NULL,NULL,NULL,"2023-04-07 02:00:33"
875,100,391,3,43270,8,6.65,NULL,NULL,NULL,NULL,NULL,"2023-04-07 02:00:33"
876,11,394,3,43427,8,5.60,NULL,NULL,NULL,NULL,NULL,"2023-04-07 02:00:33"
877,2,391,3,43427,8,11.46,NULL,NULL,NULL,NULL,NULL,"2023-04-07 02:00:33"
878,103,391,3,43518,8,5.58,NULL,NULL,NULL,NULL,NULL,"2023-04-07 02:00:33"
879,102,403,3,43700,8,3.65,NULL,NULL,NULL,NULL,NULL,"2023-04-07 02:00:33"
880,102,394,3,43700,8,4.50,NULL,NULL,NULL,NULL,NULL,"2023-04-07 02:00:33"
881,102,391,3,43700,8,5.60,NULL,NULL,NULL,NULL,NULL,"2023-04-07 02:00:33"
882,102,400,3,43700,8,7.50,NULL,NULL,NULL,NULL,NULL,"2023-04-07 02:00:33"
883,103,382,3,42761,8,6.00,NULL,NULL,NULL,NULL,NULL,"2023-04-07 02:00:33"
884,103,413,3,42761,8,7.20,NULL,NULL,NULL,NULL,NULL,"2023-04-07 02:00:33"
885,103,394,3,42761,8,4.90,NULL,NULL,NULL,NULL,NULL,"2023-04-07 02:00:33"
886,2,400,3,43521,8,9.08,NULL,NULL,NULL,NULL,NULL,"2023-04-07 02:00:33"
887,2,403,3,43521,8,5.75,NULL,NULL,NULL,NULL,NULL,"2023-04-07 02:00:33"
888,2,391,3,43521,8,9.10,NULL,NULL,NULL,NULL,NULL,"2023-04-07 02:00:33"
889,2,383,3,43521,8,15.00,NULL,NULL,NULL,NULL,NULL,"2023-04-07 02:00:33"
890,2,394,3,43521,8,5.60,NULL,NULL,NULL,NULL,NULL,"2023-04-07 02:00:33"
891,103,391,3,43047,8,443.88,NULL,NULL,NULL,NULL,NULL,"2023-04-07 02:00:33"
892,103,395,3,43047,8,8.00,NULL,NULL,NULL,NULL,NULL,"2023-04-07 02:00:33"
893,103,384,3,43047,8,6.00,NULL,NULL,NULL,NULL,NULL,"2023-04-07 02:00:33"
894,103,394,3,43047,8,5.70,NULL,NULL,NULL,NULL,NULL,"2023-04-07 02:00:33"
895,5,383,3,43047,8,20.00,NULL,NULL,NULL,NULL,NULL,"2023-04-07 02:00:33"
896,5,413,3,43047,8,9.15,NULL,NULL,NULL,NULL,NULL,"2023-04-07 02:00:33"
897,98,384,3,43524,8,8.00,NULL,NULL,NULL,NULL,NULL,"2023-04-07 02:00:33"
898,98,403,3,43524,8,3.65,NULL,NULL,NULL,NULL,NULL,"2023-04-07 02:00:33"
899,98,405,3,43524,8,3.62,NULL,NULL,NULL,NULL,NULL,"2023-04-07 02:00:33"
900,98,391,3,43524,8,6.65,NULL,NULL,NULL,NULL,NULL,"2023-04-07 02:00:33"
901,3,382,3,42961,8,10.50,NULL,NULL,NULL,NULL,NULL,"2023-04-07 02:00:33"
902,3,391,3,42961,8,9.77,NULL,NULL,NULL,NULL,NULL,"2023-04-07 02:00:33"
903,2,413,3,42961,8,9.15,NULL,NULL,NULL,NULL,NULL,"2023-04-07 02:00:33"
904,2,382,3,42961,8,10.50,NULL,NULL,NULL,NULL,NULL,"2023-04-07 02:00:33"
905,2,394,3,42961,8,6.40,NULL,NULL,NULL,NULL,NULL,"2023-04-07 02:00:33"
906,2,391,3,42961,8,11.49,NULL,NULL,NULL,NULL,NULL,"2023-04-07 02:00:33"
907,102,400,3,43558,8,7.10,NULL,NULL,NULL,NULL,NULL,"2023-04-07 02:00:33"
908,102,391,3,43558,8,5.98,NULL,NULL,NULL,NULL,NULL,"2023-04-07 02:00:33"
909,2,391,3,43588,8,9.10,NULL,NULL,NULL,NULL,NULL,"2023-04-07 02:00:33"
910,2,383,3,43588,8,14.00,NULL,NULL,NULL,NULL,NULL,"2023-04-07 02:00:33"
911,2,400,3,43588,8,9.15,NULL,NULL,NULL,NULL,NULL,"2023-04-07 02:00:33"
912,5,400,3,43588,8,9.15,NULL,NULL,NULL,NULL,NULL,"2023-04-07 02:00:33"
913,5,391,3,43588,8,9.33,NULL,NULL,NULL,NULL,NULL,"2023-04-07 02:00:33"
914,7,394,3,43588,8,5.60,NULL,NULL,NULL,NULL,NULL,"2023-04-07 02:00:33"
915,7,391,3,43588,8,8.68,NULL,NULL,NULL,NULL,NULL,"2023-04-07 02:00:33"
916,3,382,3,42618,8,10.50,NULL,NULL,NULL,NULL,NULL,"2023-04-07 02:00:33"
917,7,394,3,42618,8,7.00,NULL,NULL,NULL,NULL,NULL,"2023-04-07 02:00:33"
918,7,395,3,42618,8,9.10,NULL,NULL,NULL,NULL,NULL,"2023-04-07 02:00:33"
919,7,391,3,42618,8,10.00,NULL,NULL,NULL,NULL,NULL,"2023-04-07 02:00:33"
920,3,400,3,43858,8,9.15,NULL,NULL,NULL,NULL,NULL,"2023-04-07 02:00:33"
921,3,391,3,43858,8,9.65,NULL,NULL,NULL,NULL,NULL,"2023-04-07 02:00:33"
922,103,391,3,42975,8,6.40,NULL,NULL,NULL,NULL,NULL,"2023-04-07 02:00:33"
923,103,395,3,42975,8,8.00,NULL,NULL,NULL,NULL,NULL,"2023-04-07 02:00:33"
924,103,382,3,42975,8,6.00,NULL,NULL,NULL,NULL,NULL,"2023-04-07 02:00:33"
925,2,395,3,42972,8,11.00,NULL,NULL,NULL,NULL,NULL,"2023-04-07 02:00:33"
926,2,384,3,42972,8,5.00,NULL,NULL,NULL,NULL,NULL,"2023-04-07 02:00:33"
927,103,391,3,42679,8,6.45,NULL,NULL,NULL,NULL,NULL,"2023-04-07 02:00:33"
928,103,382,3,42679,8,7.00,NULL,NULL,NULL,NULL,NULL,"2023-04-07 02:00:33"
929,2,391,3,42972,8,10.70,NULL,NULL,NULL,NULL,NULL,"2023-04-07 02:00:33"
930,102,394,3,42977,8,5.80,NULL,NULL,NULL,NULL,NULL,"2023-04-07 02:00:33"
931,102,395,3,42977,8,8.00,NULL,NULL,NULL,NULL,NULL,"2023-04-07 02:00:33"
932,11,391,3,42977,8,10.08,NULL,NULL,NULL,NULL,NULL,"2023-04-07 02:00:33"
933,7,391,3,42977,8,10.21,NULL,NULL,NULL,NULL,NULL,"2023-04-07 02:00:33"
934,7,395,3,42977,8,11.00,NULL,NULL,NULL,NULL,NULL,"2023-04-07 02:00:33"
935,2,384,3,42977,8,5.00,NULL,NULL,NULL,NULL,NULL,"2023-04-07 02:00:33"
936,2,394,3,42977,8,5.60,NULL,NULL,NULL,NULL,NULL,"2023-04-07 02:00:33"
937,2,391,3,42977,8,12.38,NULL,NULL,NULL,NULL,NULL,"2023-04-07 02:00:33"
938,2,395,3,42977,8,11.00,NULL,NULL,NULL,NULL,NULL,"2023-04-07 02:00:33"
939,2,395,3,42709,8,3.94,NULL,NULL,NULL,NULL,NULL,"2023-04-07 02:00:33"
940,2,384,3,42709,8,6.00,NULL,NULL,NULL,NULL,NULL,"2023-04-07 02:00:33"
941,2,382,3,42709,8,9.50,NULL,NULL,NULL,NULL,NULL,"2023-04-07 02:00:33"
942,2,383,3,42709,8,16.60,NULL,NULL,NULL,NULL,NULL,"2023-04-07 02:00:33"
943,2,391,3,42709,8,12.68,NULL,NULL,NULL,NULL,NULL,"2023-04-07 02:00:33"
944,7,383,3,42709,8,14.50,NULL,NULL,NULL,NULL,NULL,"2023-04-07 02:00:33"
945,7,391,3,42709,8,9.57,NULL,NULL,NULL,NULL,NULL,"2023-04-07 02:00:33"
946,7,394,3,42709,8,6.00,NULL,NULL,NULL,NULL,NULL,"2023-04-07 02:00:33"
947,7,382,3,42709,8,9.15,NULL,NULL,NULL,NULL,NULL,"2023-04-07 02:00:33"
948,11,383,3,42709,8,13.45,NULL,NULL,NULL,NULL,NULL,"2023-04-07 02:00:33"
949,11,382,3,42709,8,9.65,NULL,NULL,NULL,NULL,NULL,"2023-04-07 02:00:33"
950,2,395,3,42506,8,3.94,NULL,NULL,NULL,NULL,NULL,"2023-04-07 02:00:33"
951,2,394,3,42506,8,5.60,NULL,NULL,NULL,NULL,NULL,"2023-04-07 02:00:33"
952,100,413,3,42895,8,6.50,NULL,NULL,NULL,NULL,NULL,"2023-04-07 02:00:33"
953,100,391,3,42895,8,6.75,NULL,NULL,NULL,NULL,NULL,"2023-04-07 02:00:33"
954,100,394,3,42895,8,3.90,NULL,NULL,NULL,NULL,NULL,"2023-04-07 02:00:33"
955,103,391,3,42895,8,6.03,NULL,NULL,NULL,NULL,NULL,"2023-04-07 02:00:33"
956,103,384,3,42895,8,6.00,NULL,NULL,NULL,NULL,NULL,"2023-04-07 02:00:33"
957,7,394,3,42514,8,6.75,NULL,NULL,NULL,NULL,NULL,"2023-04-07 02:00:33"
958,7,384,3,42514,8,10.00,NULL,NULL,NULL,NULL,NULL,"2023-04-07 02:00:33"
959,7,395,3,42514,8,8.90,NULL,NULL,NULL,NULL,NULL,"2023-04-07 02:00:33"
960,100,382,3,42515,8,7.00,NULL,NULL,NULL,NULL,NULL,"2023-04-07 02:00:33"
961,100,413,3,42515,8,7.00,NULL,NULL,NULL,NULL,NULL,"2023-04-07 02:00:33"
962,100,391,3,42515,8,7.95,NULL,NULL,NULL,NULL,NULL,"2023-04-07 02:00:33"
963,11,391,3,42516,8,9.06,NULL,NULL,NULL,NULL,NULL,"2023-04-07 02:00:33"
964,11,394,3,42516,8,4.85,NULL,NULL,NULL,NULL,NULL,"2023-04-07 02:00:33"
965,11,446,3,42516,8,4.00,NULL,NULL,NULL,NULL,NULL,"2023-04-07 02:00:33"
966,2,413,3,43301,8,9.15,NULL,NULL,NULL,NULL,NULL,"2023-04-07 02:00:33"
967,2,391,3,43301,8,9.11,NULL,NULL,NULL,NULL,NULL,"2023-04-07 02:00:33"
968,11,394,3,43301,8,5.40,NULL,NULL,NULL,NULL,NULL,"2023-04-07 02:00:33"
969,11,391,3,43301,8,8.62,NULL,NULL,NULL,NULL,NULL,"2023-04-07 02:00:33"
970,5,395,3,43303,8,11.10,NULL,NULL,NULL,NULL,NULL,"2023-04-07 02:00:33"
971,5,391,3,43303,8,10.79,NULL,NULL,NULL,NULL,NULL,"2023-04-07 02:00:33"
972,3,391,3,43306,8,10.75,NULL,NULL,NULL,NULL,NULL,"2023-04-07 02:00:33"
973,12,413,3,42520,8,7.00,NULL,NULL,NULL,NULL,NULL,"2023-04-07 02:00:33"
974,12,394,3,42520,8,4.20,NULL,NULL,NULL,NULL,NULL,"2023-04-07 02:00:33"
975,12,391,3,42520,8,9.08,NULL,NULL,NULL,NULL,NULL,"2023-04-07 02:00:33"
976,100,394,3,42521,8,3.75,NULL,NULL,NULL,NULL,NULL,"2023-04-07 02:00:33"
977,100,413,3,42521,8,5.54,NULL,NULL,NULL,NULL,NULL,"2023-04-07 02:00:33"
978,100,391,3,42521,8,6.66,NULL,NULL,NULL,NULL,NULL,"2023-04-07 02:00:33"
979,100,382,3,42521,8,6.25,NULL,NULL,NULL,NULL,NULL,"2023-04-07 02:00:33"
980,11,391,3,43308,8,11.30,NULL,NULL,NULL,NULL,NULL,"2023-04-07 02:00:33"
981,100,394,3,43241,8,4.50,NULL,NULL,NULL,NULL,NULL,"2023-04-07 02:00:33"
982,103,403,3,43311,8,3.60,NULL,NULL,NULL,NULL,NULL,"2023-04-07 02:00:33"
983,5,382,3,42375,8,9.10,NULL,NULL,NULL,NULL,NULL,"2023-04-07 02:00:33"
984,5,384,3,42375,8,6.00,NULL,NULL,NULL,NULL,NULL,"2023-04-07 02:00:33"
985,5,413,3,42375,8,3.80,NULL,NULL,NULL,NULL,NULL,"2023-04-07 02:00:33"
986,5,391,3,42375,8,10.11,NULL,NULL,NULL,NULL,NULL,"2023-04-07 02:00:33"
987,11,413,3,43249,8,10.00,NULL,NULL,NULL,NULL,NULL,"2023-04-07 02:00:33"
988,2,394,3,43249,8,5.80,NULL,NULL,NULL,NULL,NULL,"2023-04-07 02:00:33"
989,11,405,3,43259,8,7.00,NULL,NULL,NULL,NULL,NULL,"2023-04-07 02:00:33"
990,11,391,3,43259,8,11.29,NULL,NULL,NULL,NULL,NULL,"2023-04-07 02:00:33"
991,11,391,3,43320,8,8.30,NULL,NULL,NULL,NULL,NULL,"2023-04-07 02:00:33"
992,11,413,3,43320,8,11.00,NULL,NULL,NULL,NULL,NULL,"2023-04-07 02:00:33"
993,12,391,3,43249,8,9.05,NULL,NULL,NULL,NULL,NULL,"2023-04-07 02:00:33"
994,5,391,3,43515,8,7.56,NULL,NULL,NULL,NULL,NULL,"2023-04-07 02:00:33"
995,7,391,3,43511,8,8.69,NULL,NULL,NULL,NULL,NULL,"2023-04-07 02:00:33"
996,3,413,3,43289,8,9.15,NULL,NULL,NULL,NULL,NULL,"2023-04-07 02:00:33"
997,3,391,3,43289,8,12.80,NULL,NULL,NULL,NULL,NULL,"2023-04-07 02:00:33"
998,2,403,3,43521,8,5.48,NULL,NULL,NULL,NULL,NULL,"2023-04-07 02:00:33"
999,11,391,3,43521,8,8.32,NULL,NULL,NULL,NULL,NULL,"2023-04-07 02:00:33"
1000,7,413,3,43320,8,9.15,NULL,NULL,NULL,NULL,NULL,"2023-04-07 02:00:33"
